Name,Primary_Type,Secondary_Type,Generation,HP,Attack,Defense,Sp. Atk,Sp. Def,Speed,Total,Height(m),Weight(kg),Image URL
Yanma,Bug,Flying,2.0,65,65,45,75,45,95,390,1.2,38.0,https://img.pokemondb.net/sprites/home/normal/2x/yanma.jpg
Chandelure,Ghost,Fire,5.0,60,55,90,145,90,80,520,1.0,34.3,https://img.pokemondb.net/sprites/home/normal/2x/chandelure.jpg
Jumpluff,Grass,Flying,2.0,75,55,70,55,95,110,460,0.8,3.0,https://img.pokemondb.net/sprites/home/normal/2x/jumpluff.jpg
Flapple,Grass,Dragon,8.0,70,110,80,95,60,70,485,0.3,1.0,https://img.pokemondb.net/sprites/home/normal/2x/flapple.jpg
Gastrodon,Water,Ground,4.0,111,83,68,92,82,39,475,0.9,29.9,https://img.pokemondb.net/sprites/home/normal/2x/gastrodon.jpg
Blacephalon,Fire,Ghost,7.0,53,127,53,151,79,107,570,1.8,13.0,https://img.pokemondb.net/sprites/home/normal/2x/blacephalon.jpg
Skiploom,Grass,Flying,2.0,55,45,50,45,65,80,340,0.6,1.0,https://img.pokemondb.net/sprites/home/normal/2x/skiploom.jpg
Huntail,Water,,3.0,55,104,105,94,75,52,485,1.7,27.0,https://img.pokemondb.net/sprites/home/normal/2x/huntail.jpg
Patrat,Normal,,5.0,45,55,39,35,39,42,255,0.5,11.6,https://img.pokemondb.net/sprites/home/normal/2x/patrat.jpg
Mismagius,Ghost,,4.0,60,60,60,105,105,105,495,0.9,4.4,https://img.pokemondb.net/sprites/home/normal/2x/mismagius.jpg
Budew,Grass,Poison,4.0,40,30,35,50,70,55,280,0.2,1.2,https://img.pokemondb.net/sprites/home/normal/2x/budew.jpg
Grotle,Grass,,4.0,75,89,85,55,65,36,405,1.1,97.0,https://img.pokemondb.net/sprites/home/normal/2x/grotle.jpg
Liepard,Dark,,5.0,64,88,50,88,50,106,446,1.1,37.5,https://img.pokemondb.net/sprites/home/normal/2x/liepard.jpg
Xerneas,Fairy,,6.0,126,131,95,131,98,99,680,3.0,215.0,https://img.pokemondb.net/sprites/home/normal/2x/xerneas.jpg
Scyther,Bug,Flying,1.0,70,110,80,55,80,105,500,1.5,56.0,https://img.pokemondb.net/sprites/home/normal/2x/scyther.jpg
Slowpoke,Water,Psychic,1.0,90,65,65,40,40,15,315,1.2,36.0,https://img.pokemondb.net/sprites/home/normal/2x/slowpoke.jpg
Iron Moth,Fire,Poison,9.0,80,70,60,140,110,110,570,1.2,36.0,https://img.pokemondb.net/sprites/scarlet-violet/normal/iron-moth.png
Kricketune,Bug,,4.0,77,85,51,55,51,65,384,1.0,25.5,https://img.pokemondb.net/sprites/home/normal/2x/kricketune.jpg
Iron Valiant,Fairy,Fighting,9.0,74,130,90,120,60,116,590,1.4,35.0,https://img.pokemondb.net/sprites/scarlet-violet/normal/iron-valiant.png
Alcremie,Fairy,,8.0,65,60,75,110,121,64,495,0.3,0.5,https://img.pokemondb.net/sprites/home/normal/2x/alcremie.jpg
Arctibax,Dragon,Ice,9.0,90,95,66,45,65,62,423,0.8,30.0,https://img.pokemondb.net/sprites/scarlet-violet/normal/arctibax.png
Beautifly,Bug,Flying,3.0,60,70,50,100,50,65,395,1.0,28.4,https://img.pokemondb.net/sprites/home/normal/2x/beautifly.jpg
Tapu Lele,Psychic,Fairy,7.0,70,85,75,130,115,95,570,1.2,18.6,https://img.pokemondb.net/sprites/home/normal/2x/tapu-lele.jpg
Miltank,Normal,,2.0,95,80,105,40,70,100,490,1.2,75.5,https://img.pokemondb.net/sprites/home/normal/2x/miltank.jpg
Kirlia,Psychic,Fairy,3.0,38,35,35,65,55,50,278,0.8,20.2,https://img.pokemondb.net/sprites/home/normal/2x/kirlia.jpg
Feraligatr,Water,,2.0,85,105,100,79,83,78,530,2.3,88.8,https://img.pokemondb.net/sprites/home/normal/2x/feraligatr.jpg
Gumshoos,Normal,,7.0,88,110,60,55,60,45,418,0.7,14.2,https://img.pokemondb.net/sprites/home/normal/2x/gumshoos.jpg
Braixen,Fire,,6.0,59,59,58,90,70,73,409,1.0,14.5,https://img.pokemondb.net/sprites/home/normal/2x/braixen.jpg
Machoke,Fighting,,1.0,80,100,70,50,60,45,405,1.5,70.5,https://img.pokemondb.net/sprites/home/normal/2x/machoke.jpg
Mabosstiff,Dark,,9.0,80,120,90,60,70,85,505,1.1,61.0,https://img.pokemondb.net/sprites/scarlet-violet/normal/mabosstiff.png
Arceus,Normal,,4.0,120,120,120,120,120,120,720,3.2,320.0,https://img.pokemondb.net/sprites/home/normal/2x/arceus.jpg
Arctovish,Water,Ice,8.0,90,90,100,80,90,55,505,2.0,175.0,https://img.pokemondb.net/sprites/home/normal/2x/arctovish.jpg
Meowth,Normal,,1.0,40,45,35,40,40,90,290,0.4,4.2,https://img.pokemondb.net/sprites/home/normal/2x/meowth.jpg
Aromatisse,Fairy,,6.0,101,72,72,99,89,29,462,0.8,15.5,https://img.pokemondb.net/sprites/home/normal/2x/aromatisse.jpg
Cresselia,Psychic,,4.0,120,70,110,75,120,85,580,1.5,85.6,https://img.pokemondb.net/sprites/home/normal/2x/cresselia.jpg
Shelgon,Dragon,,3.0,65,95,100,60,50,50,420,1.1,110.5,https://img.pokemondb.net/sprites/home/normal/2x/shelgon.jpg
Cobalion,Steel,Fighting,5.0,91,90,129,90,72,108,580,2.1,250.0,https://img.pokemondb.net/sprites/home/normal/2x/cobalion.jpg
Gouging Fire,Fire,Dragon,9.0,105,115,121,65,93,91,590,3.5,590.0,https://img.pokemondb.net/sprites/scarlet-violet/normal/gouging-fire.png
Igglybuff,Normal,Fairy,2.0,90,30,15,40,20,15,210,0.3,1.0,https://img.pokemondb.net/sprites/home/normal/2x/igglybuff.jpg
Mankey,Fighting,,1.0,40,80,35,35,45,70,305,0.5,28.0,https://img.pokemondb.net/sprites/home/normal/2x/mankey.jpg
Popplio,Water,,7.0,50,54,54,66,56,40,320,0.4,7.5,https://img.pokemondb.net/sprites/home/normal/2x/popplio.jpg
Iron Boulder,Rock,Psychic,9.0,90,120,80,68,108,124,590,1.5,162.5,https://img.pokemondb.net/sprites/scarlet-violet/normal/iron-boulder.png
Skorupi,Poison,Bug,4.0,40,50,90,30,55,65,330,0.8,12.0,https://img.pokemondb.net/sprites/home/normal/2x/skorupi.jpg
Drednaw,Water,Rock,8.0,90,115,90,48,68,74,485,1.0,115.5,https://img.pokemondb.net/sprites/home/normal/2x/drednaw.jpg
Rhyhorn,Ground,Rock,1.0,80,85,95,30,30,25,345,1.0,115.0,https://img.pokemondb.net/sprites/home/normal/2x/rhyhorn.jpg
Drizzile,Water,,8.0,65,60,55,95,55,90,420,0.7,11.5,https://img.pokemondb.net/sprites/home/normal/2x/drizzile.jpg
Palpitoad,Water,Ground,5.0,75,65,55,65,55,69,384,0.8,17.0,https://img.pokemondb.net/sprites/home/normal/2x/palpitoad.jpg
Perrserker,Steel,,8.0,70,110,100,50,60,50,440,0.8,28.0,https://img.pokemondb.net/sprites/home/normal/2x/perrserker.jpg
Dragonair,Dragon,,1.0,61,84,65,70,70,70,420,4.0,16.5,https://img.pokemondb.net/sprites/home/normal/2x/dragonair.jpg
Treecko,Grass,,3.0,40,45,35,65,55,70,310,0.5,5.0,https://img.pokemondb.net/sprites/home/normal/2x/treecko.jpg
Electabuzz,Electric,,1.0,65,83,57,95,85,105,490,1.1,30.0,https://img.pokemondb.net/sprites/home/normal/2x/electabuzz.jpg
Horsea,Water,,1.0,30,40,70,70,25,60,295,0.4,8.0,https://img.pokemondb.net/sprites/home/normal/2x/horsea.jpg
Pumpkaboo,Ghost,Grass,6.0,49,66,70,44,55,51,335,0.4,5.0,https://img.pokemondb.net/sprites/home/normal/2x/pumpkaboo.jpg
Togetic,Fairy,Flying,2.0,55,40,85,80,105,40,405,0.6,3.2,https://img.pokemondb.net/sprites/home/normal/2x/togetic.jpg
Skarmory,Steel,Flying,2.0,65,80,140,40,70,70,465,1.7,50.5,https://img.pokemondb.net/sprites/home/normal/2x/skarmory.jpg
Parasect,Bug,Grass,1.0,60,95,80,60,80,30,405,1.0,29.5,https://img.pokemondb.net/sprites/home/normal/2x/parasect.jpg
Mr. Mime,Psychic,Fairy,1.0,40,45,65,100,120,90,460,1.3,54.5,https://img.pokemondb.net/sprites/home/normal/2x/mr-mime.jpg
Sinistea,Ghost,,8.0,40,45,45,74,54,50,308,0.1,0.2,https://img.pokemondb.net/sprites/home/normal/2x/sinistea.jpg
Dewgong,Water,Ice,1.0,90,70,80,70,95,70,475,1.7,120.0,https://img.pokemondb.net/sprites/home/normal/2x/dewgong.jpg
Vikavolt,Bug,Electric,7.0,77,70,90,145,75,43,500,1.5,45.0,https://img.pokemondb.net/sprites/home/normal/2x/vikavolt.jpg
Solosis,Psychic,,5.0,45,30,40,105,50,20,290,0.3,1.0,https://img.pokemondb.net/sprites/home/normal/2x/solosis.jpg
Mienfoo,Fighting,,5.0,45,85,50,55,50,65,350,0.9,20.0,https://img.pokemondb.net/sprites/home/normal/2x/mienfoo.jpg
Sandaconda,Ground,,8.0,72,107,125,65,70,71,510,3.8,65.5,https://img.pokemondb.net/sprites/home/normal/2x/sandaconda.jpg
Cascoon,Bug,,3.0,50,35,55,25,25,15,205,0.7,11.5,https://img.pokemondb.net/sprites/home/normal/2x/cascoon.jpg
Toxapex,Poison,Water,7.0,50,63,152,53,142,35,495,0.7,14.5,https://img.pokemondb.net/sprites/home/normal/2x/toxapex.jpg
Zamazenta,Fighting,,8.0,92,120,115,80,115,138,660,2.9,210.0,https://img.pokemondb.net/sprites/home/normal/2x/zamazenta.jpg
Tentacruel,Water,Poison,1.0,80,70,65,80,120,100,515,1.6,55.0,https://img.pokemondb.net/sprites/home/normal/2x/tentacruel.jpg
Registeel,Steel,,3.0,80,75,150,75,150,50,580,1.9,205.0,https://img.pokemondb.net/sprites/home/normal/2x/registeel.jpg
Misdreavus,Ghost,,2.0,60,60,60,85,85,85,435,0.7,1.0,https://img.pokemondb.net/sprites/home/normal/2x/misdreavus.jpg
Starly,Normal,Flying,4.0,40,55,30,30,30,60,245,0.3,2.0,https://img.pokemondb.net/sprites/home/normal/2x/starly.jpg
Gible,Dragon,Ground,4.0,58,70,45,40,45,42,300,0.7,20.5,https://img.pokemondb.net/sprites/home/normal/2x/gible.jpg
Croagunk,Poison,Fighting,4.0,48,61,40,61,40,50,300,0.7,23.0,https://img.pokemondb.net/sprites/home/normal/2x/croagunk.jpg
Ampharos,Electric,,2.0,90,75,85,115,90,55,510,1.4,61.5,https://img.pokemondb.net/sprites/home/normal/2x/ampharos.jpg
Slowbro,Water,Psychic,1.0,95,75,110,100,80,30,490,1.6,78.5,https://img.pokemondb.net/sprites/home/normal/2x/slowbro.jpg
Flareon,Fire,,1.0,65,130,60,95,110,65,525,0.9,25.0,https://img.pokemondb.net/sprites/home/normal/2x/flareon.jpg
Quaxly,Water,,9.0,55,65,45,50,45,50,310,0.5,6.1,https://img.pokemondb.net/sprites/scarlet-violet/normal/quaxly.png
Lucario,Fighting,Steel,4.0,70,110,70,115,70,90,525,1.2,54.0,https://img.pokemondb.net/sprites/home/normal/2x/lucario.jpg
Hawlucha,Fighting,Flying,6.0,78,92,75,74,63,118,500,0.8,21.5,https://img.pokemondb.net/sprites/home/normal/2x/hawlucha.jpg
Hippopotas,Ground,,4.0,68,72,78,38,42,32,330,0.8,49.5,https://img.pokemondb.net/sprites/home/normal/2x/hippopotas.jpg
Bulbasaur,Grass,Poison,1.0,45,49,49,65,65,45,318,0.7,6.9,https://img.pokemondb.net/sprites/home/normal/2x/bulbasaur.jpg
Simipour,Water,,5.0,75,98,63,98,63,101,498,1.0,29.0,https://img.pokemondb.net/sprites/home/normal/2x/simipour.jpg
Shuppet,Ghost,,3.0,44,75,35,63,33,45,295,0.6,2.3,https://img.pokemondb.net/sprites/home/normal/2x/shuppet.jpg
Latios,Dragon,Psychic,3.0,80,90,80,130,110,110,600,2.0,60.0,https://img.pokemondb.net/sprites/home/normal/2x/latios.jpg
Tapu Bulu,Grass,Fairy,7.0,70,130,115,85,95,75,570,1.9,45.5,https://img.pokemondb.net/sprites/home/normal/2x/tapu-bulu.jpg
Scizor,Bug,Steel,2.0,70,130,100,55,80,65,500,1.8,118.0,https://img.pokemondb.net/sprites/home/normal/2x/scizor.jpg
Poochyena,Dark,,3.0,35,55,35,30,30,35,220,0.5,13.6,https://img.pokemondb.net/sprites/home/normal/2x/poochyena.jpg
Archeops,Rock,Flying,5.0,75,140,65,112,65,110,567,1.4,32.0,https://img.pokemondb.net/sprites/home/normal/2x/archeops.jpg
Darkrai,Dark,,4.0,70,90,90,135,90,125,600,1.5,50.5,https://img.pokemondb.net/sprites/home/normal/2x/darkrai.jpg
Floatzel,Water,,4.0,85,105,55,85,50,115,495,1.1,33.5,https://img.pokemondb.net/sprites/home/normal/2x/floatzel.jpg
Smoochum,Ice,Psychic,2.0,45,30,15,85,65,65,305,0.4,6.0,https://img.pokemondb.net/sprites/home/normal/2x/smoochum.jpg
Pikachu,Electric,,1.0,35,55,40,50,50,90,320,0.4,6.0,https://img.pokemondb.net/sprites/home/normal/2x/pikachu.jpg
Wishiwashi,Water,,7.0,45,20,20,25,25,40,175,0.2,0.3,https://img.pokemondb.net/sprites/home/normal/2x/wishiwashi.jpg
Glimmora,Rock,Poison,9.0,83,55,90,130,81,86,525,1.5,45.0,https://img.pokemondb.net/sprites/scarlet-violet/normal/glimmora.png
Darumaka,Fire,,5.0,70,90,45,15,45,50,315,0.6,37.5,https://img.pokemondb.net/sprites/home/normal/2x/darumaka.jpg
Magikarp,Water,,1.0,20,10,55,15,20,80,200,0.9,10.0,https://img.pokemondb.net/sprites/home/normal/2x/magikarp.jpg
Maschiff,Dark,,9.0,60,78,60,40,51,51,340,0.5,16.0,https://img.pokemondb.net/sprites/scarlet-violet/normal/maschiff.png
Venipede,Bug,Poison,5.0,30,45,59,30,39,57,260,0.4,5.3,https://img.pokemondb.net/sprites/home/normal/2x/venipede.jpg
Infernape,Fire,Fighting,4.0,76,104,71,104,71,108,534,1.2,55.0,https://img.pokemondb.net/sprites/home/normal/2x/infernape.jpg
Cherrim,Grass,,4.0,70,60,70,87,78,85,450,0.5,9.3,https://img.pokemondb.net/sprites/home/normal/2x/cherrim.jpg
Diggersby,Normal,Ground,6.0,85,56,77,50,77,78,423,1.0,42.4,https://img.pokemondb.net/sprites/home/normal/2x/diggersby.jpg
Hitmonlee,Fighting,,1.0,50,120,53,35,110,87,455,1.5,49.8,https://img.pokemondb.net/sprites/home/normal/2x/hitmonlee.jpg
Toedscruel,Ground,Grass,9.0,80,70,65,80,120,100,515,1.9,58.0,https://img.pokemondb.net/sprites/scarlet-violet/normal/toedscruel.png
Roselia,Grass,Poison,3.0,50,60,45,100,80,65,400,0.3,2.0,https://img.pokemondb.net/sprites/home/normal/2x/roselia.jpg
Dusknoir,Ghost,,4.0,45,100,135,65,135,45,525,2.2,106.6,https://img.pokemondb.net/sprites/home/normal/2x/dusknoir.jpg
Annihilape,Fighting,Ghost,9.0,110,115,80,50,90,90,535,1.2,56.0,https://img.pokemondb.net/sprites/scarlet-violet/normal/annihilape.png
Rampardos,Rock,,4.0,97,165,60,65,50,58,495,1.6,102.5,https://img.pokemondb.net/sprites/home/normal/2x/rampardos.jpg
Sylveon,Fairy,,6.0,95,65,65,110,130,60,525,1.0,23.5,https://img.pokemondb.net/sprites/home/normal/2x/sylveon.jpg
Amoonguss,Grass,Poison,5.0,114,85,70,85,80,30,464,0.6,10.5,https://img.pokemondb.net/sprites/home/normal/2x/amoonguss.jpg
Pachirisu,Electric,,4.0,60,45,70,45,90,95,405,0.4,3.9,https://img.pokemondb.net/sprites/home/normal/2x/pachirisu.jpg
Pinsir,Bug,,1.0,65,125,100,55,70,85,500,1.5,55.0,https://img.pokemondb.net/sprites/home/normal/2x/pinsir.jpg
Stunky,Poison,Dark,4.0,63,63,47,41,41,74,329,0.4,19.2,https://img.pokemondb.net/sprites/home/normal/2x/stunky.jpg
Wobbuffet,Psychic,,2.0,190,33,58,33,58,33,405,1.3,28.5,https://img.pokemondb.net/sprites/home/normal/2x/wobbuffet.jpg
Phanpy,Ground,,2.0,90,60,60,40,40,40,330,0.5,33.5,https://img.pokemondb.net/sprites/home/normal/2x/phanpy.jpg
Magnezone,Electric,Steel,4.0,70,70,115,130,90,60,535,1.2,180.0,https://img.pokemondb.net/sprites/home/normal/2x/magnezone.jpg
Weavile,Dark,Ice,4.0,70,120,65,45,85,125,510,1.1,34.0,https://img.pokemondb.net/sprites/home/normal/2x/weavile.jpg
Snom,Ice,Bug,8.0,30,25,35,45,30,20,185,0.3,3.8,https://img.pokemondb.net/sprites/home/normal/2x/snom.jpg
Breloom,Grass,Fighting,3.0,60,130,80,60,60,70,460,1.2,39.2,https://img.pokemondb.net/sprites/home/normal/2x/breloom.jpg
Fomantis,Grass,,7.0,40,55,35,50,35,35,250,0.3,1.5,https://img.pokemondb.net/sprites/home/normal/2x/fomantis.jpg
Eelektrik,Electric,,5.0,65,85,70,75,70,40,405,1.2,22.0,https://img.pokemondb.net/sprites/home/normal/2x/eelektrik.jpg
Clawitzer,Water,,6.0,71,73,88,120,89,59,500,1.3,35.3,https://img.pokemondb.net/sprites/home/normal/2x/clawitzer.jpg
Grapploct,Fighting,,8.0,80,118,90,70,80,42,480,1.6,39.0,https://img.pokemondb.net/sprites/home/normal/2x/grapploct.jpg
Rayquaza,Dragon,Flying,3.0,105,150,90,150,90,95,680,7.0,206.5,https://img.pokemondb.net/sprites/home/normal/2x/rayquaza.jpg
Houndoom,Dark,Fire,2.0,75,90,50,110,80,95,500,1.4,35.0,https://img.pokemondb.net/sprites/home/normal/2x/houndoom.jpg
Carbink,Rock,Fairy,6.0,50,50,150,50,150,50,500,0.3,5.7,https://img.pokemondb.net/sprites/home/normal/2x/carbink.jpg
Kecleon,Normal,,3.0,60,90,70,60,120,40,440,1.0,22.0,https://img.pokemondb.net/sprites/home/normal/2x/kecleon.jpg
Granbull,Fairy,,2.0,90,120,75,60,60,45,450,1.4,48.7,https://img.pokemondb.net/sprites/home/normal/2x/granbull.jpg
Aurorus,Rock,Ice,6.0,123,77,72,99,92,58,521,2.7,225.0,https://img.pokemondb.net/sprites/home/normal/2x/aurorus.jpg
Volcarona,Bug,Fire,5.0,85,60,65,135,105,100,550,1.6,46.0,https://img.pokemondb.net/sprites/home/normal/2x/volcarona.jpg
Trapinch,Ground,,3.0,45,100,45,45,45,10,290,0.7,15.0,https://img.pokemondb.net/sprites/home/normal/2x/trapinch.jpg
Tapu Koko,Electric,Fairy,7.0,70,115,85,95,75,130,570,1.8,20.5,https://img.pokemondb.net/sprites/home/normal/2x/tapu-koko.jpg
Porygon,Normal,,1.0,65,60,70,85,75,40,395,0.8,36.5,https://img.pokemondb.net/sprites/home/normal/2x/porygon.jpg
Wooper,Water,Ground,2.0,55,45,45,25,25,15,210,0.4,8.5,https://img.pokemondb.net/sprites/home/normal/2x/wooper.jpg
Aegislash,Steel,Ghost,6.0,60,50,140,50,140,60,500,1.7,53.0,https://img.pokemondb.net/sprites/home/normal/2x/aegislash.jpg
Simisage,Grass,,5.0,75,98,63,98,63,101,498,1.1,30.5,https://img.pokemondb.net/sprites/home/normal/2x/simisage.jpg
Gothitelle,Psychic,,5.0,70,55,95,95,110,65,490,1.5,44.0,https://img.pokemondb.net/sprites/home/normal/2x/gothitelle.jpg
Magnemite,Electric,Steel,1.0,25,35,70,95,55,45,325,0.3,6.0,https://img.pokemondb.net/sprites/home/normal/2x/magnemite.jpg
Rhyperior,Ground,Rock,4.0,115,140,130,55,55,40,535,2.4,282.8,https://img.pokemondb.net/sprites/home/normal/2x/rhyperior.jpg
Staraptor,Normal,Flying,4.0,85,120,70,50,60,100,485,1.2,24.9,https://img.pokemondb.net/sprites/home/normal/2x/staraptor.jpg
Copperajah,Steel,,8.0,122,130,69,80,69,30,500,3.0,650.0,https://img.pokemondb.net/sprites/home/normal/2x/copperajah.jpg
Zubat,Poison,Flying,1.0,40,45,35,30,40,55,245,0.8,7.5,https://img.pokemondb.net/sprites/home/normal/2x/zubat.jpg
Wigglytuff,Normal,Fairy,1.0,140,70,45,85,50,45,435,1.0,12.0,https://img.pokemondb.net/sprites/home/normal/2x/wigglytuff.jpg
Octillery,Water,,2.0,75,105,75,105,75,45,480,0.9,28.5,https://img.pokemondb.net/sprites/home/normal/2x/octillery.jpg
Piloswine,Ice,Ground,2.0,100,100,80,60,60,50,450,1.1,55.8,https://img.pokemondb.net/sprites/home/normal/2x/piloswine.jpg
Slakoth,Normal,,3.0,60,60,60,35,35,30,280,0.8,24.0,https://img.pokemondb.net/sprites/home/normal/2x/slakoth.jpg
Mamoswine,Ice,Ground,4.0,110,130,80,70,60,80,530,2.5,291.0,https://img.pokemondb.net/sprites/home/normal/2x/mamoswine.jpg
Latias,Dragon,Psychic,3.0,80,80,90,110,130,110,600,1.4,40.0,https://img.pokemondb.net/sprites/home/normal/2x/latias.jpg
Lotad,Water,Grass,3.0,40,30,30,40,50,30,220,0.5,2.6,https://img.pokemondb.net/sprites/home/normal/2x/lotad.jpg
Pikipek,Normal,Flying,7.0,35,75,30,30,30,65,265,0.3,1.2,https://img.pokemondb.net/sprites/home/normal/2x/pikipek.jpg
Meowstic,Psychic,,6.0,74,48,76,83,81,104,466,0.6,8.5,https://img.pokemondb.net/sprites/home/normal/2x/meowstic.jpg
Poliwag,Water,,1.0,40,50,40,40,40,90,300,0.6,12.4,https://img.pokemondb.net/sprites/home/normal/2x/poliwag.jpg
Tranquill,Normal,Flying,5.0,62,77,62,50,42,65,358,0.6,15.0,https://img.pokemondb.net/sprites/home/normal/2x/tranquill.jpg
Spidops,Bug,,9.0,60,79,92,52,86,35,404,1.0,16.5,https://img.pokemondb.net/sprites/scarlet-violet/normal/spidops.png
Komala,Normal,,7.0,65,115,65,75,95,65,480,0.4,19.9,https://img.pokemondb.net/sprites/home/normal/2x/komala.jpg
Lickilicky,Normal,,4.0,110,85,95,80,95,50,515,1.7,140.0,https://img.pokemondb.net/sprites/home/normal/2x/lickilicky.jpg
Combee,Bug,Flying,4.0,30,30,42,30,42,70,244,0.3,5.5,https://img.pokemondb.net/sprites/home/normal/2x/combee.jpg
Oricorio,Fire,Flying,7.0,75,70,70,98,70,93,476,0.6,3.4,https://img.pokemondb.net/sprites/home/normal/2x/oricorio.jpg
Emboar,Fire,Fighting,5.0,110,123,65,100,65,65,528,1.6,150.0,https://img.pokemondb.net/sprites/home/normal/2x/emboar.jpg
Arcanine,Fire,,1.0,90,110,80,100,80,95,555,1.9,155.0,https://img.pokemondb.net/sprites/home/normal/2x/arcanine.jpg
Cosmog,Psychic,,7.0,43,29,31,29,31,37,200,0.2,0.1,https://img.pokemondb.net/sprites/home/normal/2x/cosmog.jpg
Regidrago,Dragon,,8.0,200,100,50,100,50,80,580,2.1,200.0,https://img.pokemondb.net/sprites/home/normal/2x/regidrago.jpg
Steenee,Grass,,7.0,52,40,48,40,48,62,290,0.7,8.2,https://img.pokemondb.net/sprites/home/normal/2x/steenee.jpg
Magneton,Electric,Steel,1.0,50,60,95,120,70,70,465,1.0,60.0,https://img.pokemondb.net/sprites/home/normal/2x/magneton.jpg
Swablu,Normal,Flying,3.0,45,40,60,40,75,50,310,0.4,1.2,https://img.pokemondb.net/sprites/home/normal/2x/swablu.jpg
Hitmontop,Fighting,,2.0,50,95,95,35,110,70,455,1.4,48.0,https://img.pokemondb.net/sprites/home/normal/2x/hitmontop.jpg
Zweilous,Dark,Dragon,5.0,72,85,70,65,70,58,420,1.4,50.0,https://img.pokemondb.net/sprites/home/normal/2x/zweilous.jpg
Melmetal,Steel,,7.0,135,143,143,80,65,34,600,2.5,800.0,https://img.pokemondb.net/sprites/home/normal/2x/melmetal.jpg
Garganacl,Rock,,9.0,100,100,130,45,90,35,500,2.3,240.0,https://img.pokemondb.net/sprites/scarlet-violet/normal/garganacl.png
Shiinotic,Grass,Fairy,7.0,60,45,80,90,100,30,405,1.0,11.5,https://img.pokemondb.net/sprites/home/normal/2x/shiinotic.jpg
Spiritomb,Ghost,Dark,4.0,50,92,108,92,108,35,485,1.0,108.0,https://img.pokemondb.net/sprites/home/normal/2x/spiritomb.jpg
Overqwil,Dark,Poison,8.0,85,115,95,65,65,85,510,2.5,60.5,https://img.pokemondb.net/sprites/home/normal/2x/overqwil.jpg
Dartrix,Grass,Flying,7.0,78,75,75,70,70,52,420,0.7,16.0,https://img.pokemondb.net/sprites/home/normal/2x/dartrix.jpg
Yamper,Electric,,8.0,59,45,50,40,50,26,270,0.3,13.5,https://img.pokemondb.net/sprites/home/normal/2x/yamper.jpg
Basculegion,Water,Ghost,8.0,120,112,65,80,75,78,530,3.0,110.0,https://img.pokemondb.net/sprites/home/normal/2x/basculegion.jpg
Houndstone,Ghost,,9.0,72,101,100,50,97,68,488,2.0,15.0,https://img.pokemondb.net/sprites/scarlet-violet/normal/houndstone.png
Exeggcute,Grass,Psychic,1.0,60,40,80,60,45,40,325,0.4,2.5,https://img.pokemondb.net/sprites/home/normal/2x/exeggcute.jpg
Aggron,Steel,Rock,3.0,70,110,180,60,60,50,530,2.1,360.0,https://img.pokemondb.net/sprites/home/normal/2x/aggron.jpg
Leavanny,Bug,Grass,5.0,75,103,80,70,80,92,500,1.2,20.5,https://img.pokemondb.net/sprites/home/normal/2x/leavanny.jpg
Bronzong,Steel,Psychic,4.0,67,89,116,79,116,33,500,1.3,187.0,https://img.pokemondb.net/sprites/home/normal/2x/bronzong.jpg
Delibird,Ice,Flying,2.0,45,55,45,65,45,75,330,0.9,16.0,https://img.pokemondb.net/sprites/home/normal/2x/delibird.jpg
Snivy,Grass,,5.0,45,45,55,45,55,63,308,0.6,8.1,https://img.pokemondb.net/sprites/home/normal/2x/snivy.jpg
Lairon,Steel,Rock,3.0,60,90,140,50,50,40,430,0.9,120.0,https://img.pokemondb.net/sprites/home/normal/2x/lairon.jpg
Sawsbuck,Normal,Grass,5.0,80,100,70,60,70,95,475,1.9,92.5,https://img.pokemondb.net/sprites/home/normal/2x/sawsbuck.jpg
Muk,Poison,,1.0,105,105,75,65,100,50,500,1.2,30.0,https://img.pokemondb.net/sprites/home/normal/2x/muk.jpg
Lurantis,Grass,,7.0,70,105,90,80,90,45,480,0.9,18.5,https://img.pokemondb.net/sprites/home/normal/2x/lurantis.jpg
Diancie,Rock,Fairy,6.0,50,100,150,100,150,50,600,0.7,8.8,https://img.pokemondb.net/sprites/home/normal/2x/diancie.jpg
Beheeyem,Psychic,,5.0,75,75,75,125,95,40,485,1.0,34.5,https://img.pokemondb.net/sprites/home/normal/2x/beheeyem.jpg
Stakataka,Rock,Steel,7.0,61,131,211,53,101,13,570,5.5,820.0,https://img.pokemondb.net/sprites/home/normal/2x/stakataka.jpg
Clodsire,Poison,Ground,9.0,130,75,60,45,100,20,430,1.8,223.0,https://img.pokemondb.net/sprites/scarlet-violet/normal/clodsire.png
Lillipup,Normal,,5.0,45,60,45,25,45,55,275,0.4,4.1,https://img.pokemondb.net/sprites/home/normal/2x/lillipup.jpg
Toedscool,Ground,Grass,9.0,40,40,35,50,100,70,335,0.9,33.0,https://img.pokemondb.net/sprites/scarlet-violet/normal/toedscool.png
Noibat,Flying,Dragon,6.0,40,30,35,45,40,55,245,0.5,8.0,https://img.pokemondb.net/sprites/home/normal/2x/noibat.jpg
Mudbray,Ground,,7.0,70,100,70,45,55,45,385,1.0,110.0,https://img.pokemondb.net/sprites/home/normal/2x/mudbray.jpg
Nickit,Dark,,8.0,40,28,28,47,52,50,245,0.6,8.9,https://img.pokemondb.net/sprites/home/normal/2x/nickit.jpg
Sableye,Dark,Ghost,3.0,50,75,75,65,65,50,380,0.5,11.0,https://img.pokemondb.net/sprites/home/normal/2x/sableye.jpg
Sneasel,Dark,Ice,2.0,55,95,55,35,75,115,430,0.9,28.0,https://img.pokemondb.net/sprites/home/normal/2x/sneasel.jpg
Heatran,Fire,Steel,4.0,91,90,106,130,106,77,600,1.7,430.0,https://img.pokemondb.net/sprites/home/normal/2x/heatran.jpg
Cosmoem,Psychic,,7.0,43,29,131,29,131,37,400,0.1,999.9,https://img.pokemondb.net/sprites/home/normal/2x/cosmoem.jpg
Starmie,Water,Psychic,1.0,60,75,85,100,85,115,520,1.1,80.0,https://img.pokemondb.net/sprites/home/normal/2x/starmie.jpg
Masquerain,Bug,Flying,3.0,70,60,62,100,82,80,454,0.8,3.6,https://img.pokemondb.net/sprites/home/normal/2x/masquerain.jpg
Inkay,Dark,Psychic,6.0,53,54,53,37,46,45,288,0.4,3.5,https://img.pokemondb.net/sprites/home/normal/2x/inkay.jpg
Cetoddle,Ice,,9.0,108,68,45,30,40,43,334,1.2,45.0,https://img.pokemondb.net/sprites/scarlet-violet/normal/cetoddle.png
Aipom,Normal,,2.0,55,70,55,40,55,85,360,0.8,11.5,https://img.pokemondb.net/sprites/home/normal/2x/aipom.jpg
Cranidos,Rock,,4.0,67,125,40,30,30,58,350,0.9,31.5,https://img.pokemondb.net/sprites/home/normal/2x/cranidos.jpg
Tentacool,Water,Poison,1.0,40,40,35,50,100,70,335,0.9,45.5,https://img.pokemondb.net/sprites/home/normal/2x/tentacool.jpg
Shelmet,Bug,,5.0,50,40,85,40,65,25,305,0.4,7.7,https://img.pokemondb.net/sprites/home/normal/2x/shelmet.jpg
Taillow,Normal,Flying,3.0,40,55,30,30,30,85,270,0.3,2.3,https://img.pokemondb.net/sprites/home/normal/2x/taillow.jpg
Dialga,Steel,Dragon,4.0,100,120,120,150,100,90,680,5.4,683.0,https://img.pokemondb.net/sprites/home/normal/2x/dialga.jpg
Vivillon,Bug,Flying,6.0,80,52,50,90,50,89,411,1.2,17.0,https://img.pokemondb.net/sprites/home/normal/2x/vivillon.jpg
Monferno,Fire,Fighting,4.0,64,78,52,78,52,81,405,0.9,22.0,https://img.pokemondb.net/sprites/home/normal/2x/monferno.jpg
Goomy,Dragon,,6.0,45,50,35,55,75,40,300,0.3,2.8,https://img.pokemondb.net/sprites/home/normal/2x/goomy.jpg
Silvally,Normal,,7.0,95,95,95,95,95,95,570,2.3,100.5,https://img.pokemondb.net/sprites/home/normal/2x/silvally.jpg
Gholdengo,Steel,Ghost,9.0,87,60,95,133,91,84,550,1.2,30.0,https://img.pokemondb.net/sprites/scarlet-violet/normal/gholdengo.png
Sliggoo,Dragon,,6.0,68,75,53,83,113,60,452,0.8,17.5,https://img.pokemondb.net/sprites/home/normal/2x/sliggoo.jpg
Eternatus,Poison,Dragon,8.0,140,85,95,145,95,130,690,20.0,950.0,https://img.pokemondb.net/sprites/home/normal/2x/eternatus.jpg
Scolipede,Bug,Poison,5.0,60,100,89,55,69,112,485,2.5,200.5,https://img.pokemondb.net/sprites/home/normal/2x/scolipede.jpg
Flamigo,Flying,Fighting,9.0,82,115,74,75,64,90,500,1.6,37.0,https://img.pokemondb.net/sprites/scarlet-violet/normal/flamigo.png
Lopunny,Normal,,4.0,65,76,84,54,96,105,480,1.2,33.3,https://img.pokemondb.net/sprites/home/normal/2x/lopunny.jpg
Celebi,Psychic,Grass,2.0,100,100,100,100,100,100,600,0.6,5.0,https://img.pokemondb.net/sprites/home/normal/2x/celebi.jpg
Necrozma,Psychic,,7.0,97,107,101,127,89,79,600,2.4,230.0,https://img.pokemondb.net/sprites/home/normal/2x/necrozma.jpg
Nidoran♂,Poison,,1.0,46,57,40,40,40,50,273,0.5,9.0,https://img.pokemondb.net/sprites/home/normal/2x/nidoran-m.jpg
Grimmsnarl,Dark,Fairy,8.0,95,120,65,95,75,60,510,1.5,61.0,https://img.pokemondb.net/sprites/home/normal/2x/grimmsnarl.jpg
Turtonator,Fire,Dragon,7.0,60,78,135,91,85,36,485,2.0,212.0,https://img.pokemondb.net/sprites/home/normal/2x/turtonator.jpg
Blitzle,Electric,,5.0,45,60,32,50,32,76,295,0.8,29.8,https://img.pokemondb.net/sprites/home/normal/2x/blitzle.jpg
Magearna,Steel,Fairy,7.0,80,95,115,130,115,65,600,1.0,80.5,https://img.pokemondb.net/sprites/home/normal/2x/magearna.jpg
Brambleghast,Grass,Ghost,9.0,55,115,70,80,70,90,480,1.2,6.0,https://img.pokemondb.net/sprites/scarlet-violet/normal/brambleghast.png
Fletchinder,Fire,Flying,6.0,62,73,55,56,52,84,382,0.7,16.0,https://img.pokemondb.net/sprites/home/normal/2x/fletchinder.jpg
Kingambit,Dark,Steel,9.0,100,135,120,60,85,50,550,2.0,120.0,https://img.pokemondb.net/sprites/scarlet-violet/normal/kingambit.png
Pyukumuku,Water,,7.0,55,60,130,30,130,5,410,0.3,1.2,https://img.pokemondb.net/sprites/home/normal/2x/pyukumuku.jpg
Primarina,Water,Fairy,7.0,80,74,74,126,116,60,530,1.8,44.0,https://img.pokemondb.net/sprites/home/normal/2x/primarina.jpg
Exploud,Normal,,3.0,104,91,63,91,73,68,490,1.5,84.0,https://img.pokemondb.net/sprites/home/normal/2x/exploud.jpg
Crawdaunt,Water,Dark,3.0,63,120,85,90,55,55,468,1.1,32.8,https://img.pokemondb.net/sprites/home/normal/2x/crawdaunt.jpg
Ralts,Psychic,Fairy,3.0,28,25,25,45,35,40,198,0.4,6.6,https://img.pokemondb.net/sprites/home/normal/2x/ralts.jpg
Gliscor,Ground,Flying,4.0,75,95,125,45,75,95,510,2.0,42.5,https://img.pokemondb.net/sprites/home/normal/2x/gliscor.jpg
Carvanha,Water,Dark,3.0,45,90,20,65,20,65,305,0.8,20.8,https://img.pokemondb.net/sprites/home/normal/2x/carvanha.jpg
Lechonk,Normal,,9.0,54,45,40,35,45,35,254,0.5,10.2,https://img.pokemondb.net/sprites/scarlet-violet/normal/lechonk.png
Magmortar,Fire,,4.0,75,95,67,125,95,83,540,1.6,68.0,https://img.pokemondb.net/sprites/home/normal/2x/magmortar.jpg
Froslass,Ice,Ghost,4.0,70,80,70,80,70,110,480,1.3,26.6,https://img.pokemondb.net/sprites/home/normal/2x/froslass.jpg
Zigzagoon,Normal,,3.0,38,30,41,30,41,60,240,0.4,17.5,https://img.pokemondb.net/sprites/home/normal/2x/zigzagoon.jpg
Groudon,Ground,,3.0,100,150,140,100,90,90,670,3.5,950.0,https://img.pokemondb.net/sprites/home/normal/2x/groudon.jpg
Abomasnow,Grass,Ice,4.0,90,92,75,92,85,60,494,2.2,135.5,https://img.pokemondb.net/sprites/home/normal/2x/abomasnow.jpg
Nymble,Bug,,9.0,33,46,40,21,25,45,210,0.2,1.0,https://img.pokemondb.net/sprites/scarlet-violet/normal/nymble.png
Lapras,Water,Ice,1.0,130,85,80,85,95,60,535,2.5,220.0,https://img.pokemondb.net/sprites/home/normal/2x/lapras.jpg
Grumpig,Psychic,,3.0,80,45,65,90,110,80,470,0.9,71.5,https://img.pokemondb.net/sprites/home/normal/2x/grumpig.jpg
Lycanroc,Rock,,7.0,75,115,65,55,65,112,487,0.8,25.0,https://img.pokemondb.net/sprites/home/normal/2x/lycanroc.jpg
Binacle,Rock,Water,6.0,42,52,67,39,56,50,306,0.5,31.0,https://img.pokemondb.net/sprites/home/normal/2x/binacle.jpg
Dewott,Water,,5.0,75,75,60,83,60,60,413,0.8,24.5,https://img.pokemondb.net/sprites/home/normal/2x/dewott.jpg
Nihilego,Rock,Poison,7.0,109,53,47,127,131,103,570,1.2,55.5,https://img.pokemondb.net/sprites/home/normal/2x/nihilego.jpg
Kabuto,Rock,Water,1.0,30,80,90,55,45,55,355,0.5,11.5,https://img.pokemondb.net/sprites/home/normal/2x/kabuto.jpg
Frogadier,Water,,6.0,54,63,52,83,56,97,405,0.6,10.9,https://img.pokemondb.net/sprites/home/normal/2x/frogadier.jpg
Vulpix,Fire,,1.0,38,41,40,50,65,65,299,0.6,9.9,https://img.pokemondb.net/sprites/home/normal/2x/vulpix.jpg
Moltres,Fire,Flying,1.0,90,100,90,125,85,90,580,2.0,60.0,https://img.pokemondb.net/sprites/home/normal/2x/moltres.jpg
Munna,Psychic,,5.0,76,25,45,67,55,24,292,0.6,23.3,https://img.pokemondb.net/sprites/home/normal/2x/munna.jpg
Clobbopus,Fighting,,8.0,50,68,60,50,50,32,310,0.6,4.0,https://img.pokemondb.net/sprites/home/normal/2x/clobbopus.jpg
Eiscue,Ice,,8.0,75,80,110,65,90,50,470,1.4,89.0,https://img.pokemondb.net/sprites/home/normal/2x/eiscue.jpg
Comfey,Fairy,,7.0,51,52,90,82,110,100,485,0.1,0.3,https://img.pokemondb.net/sprites/home/normal/2x/comfey.jpg
Ferrothorn,Grass,Steel,5.0,74,94,131,54,116,20,489,1.0,110.0,https://img.pokemondb.net/sprites/home/normal/2x/ferrothorn.jpg
Drapion,Poison,Dark,4.0,70,90,110,60,75,95,500,1.3,61.5,https://img.pokemondb.net/sprites/home/normal/2x/drapion.jpg
Ursaring,Normal,,2.0,90,130,75,75,75,55,500,1.8,125.8,https://img.pokemondb.net/sprites/home/normal/2x/ursaring.jpg
Smoliv,Grass,Normal,9.0,41,35,45,58,51,30,260,0.3,6.5,https://img.pokemondb.net/sprites/scarlet-violet/normal/smoliv.png
Machop,Fighting,,1.0,70,80,50,35,35,35,305,0.8,19.5,https://img.pokemondb.net/sprites/home/normal/2x/machop.jpg
Koraidon,Fighting,Dragon,9.0,100,135,115,85,100,135,670,2.5,303.0,https://img.pokemondb.net/sprites/scarlet-violet/normal/koraidon.png
Relicanth,Water,Rock,3.0,100,90,130,45,65,55,485,1.0,23.4,https://img.pokemondb.net/sprites/home/normal/2x/relicanth.jpg
Ting-Lu,Dark,Ground,9.0,155,110,125,55,80,45,570,2.7,699.7,https://img.pokemondb.net/sprites/scarlet-violet/normal/ting-lu.png
Sewaddle,Bug,Grass,5.0,45,53,70,40,60,42,310,0.3,2.5,https://img.pokemondb.net/sprites/home/normal/2x/sewaddle.jpg
Electrike,Electric,,3.0,40,45,40,65,40,65,295,0.6,15.2,https://img.pokemondb.net/sprites/home/normal/2x/electrike.jpg
Tyrogue,Fighting,,2.0,35,35,35,35,35,35,210,0.7,21.0,https://img.pokemondb.net/sprites/home/normal/2x/tyrogue.jpg
Klefki,Steel,Fairy,6.0,57,80,91,80,87,75,470,0.2,3.0,https://img.pokemondb.net/sprites/home/normal/2x/klefki.jpg
Whimsicott,Grass,Fairy,5.0,60,67,85,77,75,116,480,0.7,6.6,https://img.pokemondb.net/sprites/home/normal/2x/whimsicott.jpg
Duskull,Ghost,,3.0,20,40,90,30,90,25,295,0.8,15.0,https://img.pokemondb.net/sprites/home/normal/2x/duskull.jpg
Pelipper,Water,Flying,3.0,60,50,100,95,70,65,440,1.2,28.0,https://img.pokemondb.net/sprites/home/normal/2x/pelipper.jpg
Barbaracle,Rock,Water,6.0,72,105,115,54,86,68,500,1.3,96.0,https://img.pokemondb.net/sprites/home/normal/2x/barbaracle.jpg
Blaziken,Fire,Fighting,3.0,80,120,70,110,70,80,530,1.9,52.0,https://img.pokemondb.net/sprites/home/normal/2x/blaziken.jpg
Gothorita,Psychic,,5.0,60,45,70,75,85,55,390,0.7,18.0,https://img.pokemondb.net/sprites/home/normal/2x/gothorita.jpg
Paras,Bug,Grass,1.0,35,70,55,45,55,25,285,0.3,5.4,https://img.pokemondb.net/sprites/home/normal/2x/paras.jpg
Unfezant,Normal,Flying,5.0,80,115,80,65,55,93,488,1.2,29.0,https://img.pokemondb.net/sprites/home/normal/2x/unfezant.jpg
Mr. Rime,Ice,Psychic,8.0,80,85,75,110,100,70,520,1.5,58.2,https://img.pokemondb.net/sprites/home/normal/2x/mr-rime.jpg
Mandibuzz,Dark,Flying,5.0,110,65,105,55,95,80,510,1.2,39.5,https://img.pokemondb.net/sprites/home/normal/2x/mandibuzz.jpg
Rotom,Electric,Ghost,4.0,50,50,77,95,77,91,440,0.3,0.3,https://img.pokemondb.net/sprites/home/normal/2x/rotom.jpg
Shroomish,Grass,,3.0,60,40,60,40,60,35,295,0.4,4.5,https://img.pokemondb.net/sprites/home/normal/2x/shroomish.jpg
Blissey,Normal,,2.0,255,10,10,75,135,55,540,1.5,46.8,https://img.pokemondb.net/sprites/home/normal/2x/blissey.jpg
Dewpider,Water,Bug,7.0,38,40,52,40,72,27,269,0.3,4.0,https://img.pokemondb.net/sprites/home/normal/2x/dewpider.jpg
Larvesta,Bug,Fire,5.0,55,85,55,50,55,60,360,1.1,28.8,https://img.pokemondb.net/sprites/home/normal/2x/larvesta.jpg
Naclstack,Rock,,9.0,60,60,100,35,65,35,355,0.6,105.0,https://img.pokemondb.net/sprites/scarlet-violet/normal/naclstack.png
Bounsweet,Grass,,7.0,42,30,38,30,38,32,210,0.3,3.2,https://img.pokemondb.net/sprites/home/normal/2x/bounsweet.jpg
Shellder,Water,,1.0,30,65,100,45,25,40,305,0.3,4.0,https://img.pokemondb.net/sprites/home/normal/2x/shellder.jpg
Dudunsparce,Normal,,9.0,125,100,80,85,75,55,520,3.6,39.2,https://img.pokemondb.net/sprites/scarlet-violet/normal/dudunsparce.png
Rillaboom,Grass,,8.0,100,125,90,60,70,85,530,2.1,90.0,https://img.pokemondb.net/sprites/home/normal/2x/rillaboom.jpg
Druddigon,Dragon,,5.0,77,120,90,60,90,48,485,1.6,139.0,https://img.pokemondb.net/sprites/home/normal/2x/druddigon.jpg
Tapu Fini,Water,Fairy,7.0,70,75,115,95,130,85,570,1.3,21.2,https://img.pokemondb.net/sprites/home/normal/2x/tapu-fini.jpg
Skwovet,Normal,,8.0,70,55,55,35,35,25,275,0.3,2.5,https://img.pokemondb.net/sprites/home/normal/2x/skwovet.jpg
Lickitung,Normal,,1.0,90,55,75,60,75,30,385,1.2,65.5,https://img.pokemondb.net/sprites/home/normal/2x/lickitung.jpg
Quaxwell,Water,,9.0,70,85,65,65,60,65,410,1.2,21.5,https://img.pokemondb.net/sprites/scarlet-violet/normal/quaxwell.png
Scorbunny,Fire,,8.0,50,71,40,40,40,69,310,0.3,4.5,https://img.pokemondb.net/sprites/home/normal/2x/scorbunny.jpg
Banette,Ghost,,3.0,64,115,65,83,63,65,455,1.1,12.5,https://img.pokemondb.net/sprites/home/normal/2x/banette.jpg
Cyndaquil,Fire,,2.0,39,52,43,60,50,65,309,0.5,7.9,https://img.pokemondb.net/sprites/home/normal/2x/cyndaquil.jpg
Kubfu,Fighting,,8.0,60,90,60,53,50,72,385,0.6,12.0,https://img.pokemondb.net/sprites/home/normal/2x/kubfu.jpg
Polteageist,Ghost,,8.0,60,65,65,134,114,70,508,0.2,0.4,https://img.pokemondb.net/sprites/home/normal/2x/polteageist.jpg
Ninetales,Fire,,1.0,73,76,75,81,100,100,505,1.1,19.9,https://img.pokemondb.net/sprites/home/normal/2x/ninetales.jpg
Ducklett,Water,Flying,5.0,62,44,50,44,50,55,305,0.5,5.5,https://img.pokemondb.net/sprites/home/normal/2x/ducklett.jpg
Rabsca,Bug,Psychic,9.0,75,50,85,115,100,45,470,0.3,3.5,https://img.pokemondb.net/sprites/scarlet-violet/normal/rabsca.png
Galvantula,Bug,Electric,5.0,70,77,60,97,60,108,472,0.8,14.3,https://img.pokemondb.net/sprites/home/normal/2x/galvantula.jpg
Cacnea,Grass,,3.0,50,85,40,85,40,35,335,0.4,51.3,https://img.pokemondb.net/sprites/home/normal/2x/cacnea.jpg
Dreepy,Dragon,Ghost,8.0,28,60,30,40,30,82,270,0.5,2.0,https://img.pokemondb.net/sprites/home/normal/2x/dreepy.jpg
Litleo,Fire,Normal,6.0,62,50,58,73,54,72,369,0.6,13.5,https://img.pokemondb.net/sprites/home/normal/2x/litleo.jpg
Avalugg,Ice,,6.0,95,117,184,44,46,28,514,2.0,505.0,https://img.pokemondb.net/sprites/home/normal/2x/avalugg.jpg
Tirtouga,Water,Rock,5.0,54,78,103,53,45,22,355,0.7,16.5,https://img.pokemondb.net/sprites/home/normal/2x/tirtouga.jpg
Terrakion,Rock,Fighting,5.0,91,129,90,72,90,108,580,1.9,260.0,https://img.pokemondb.net/sprites/home/normal/2x/terrakion.jpg
Wo-Chien,Dark,Grass,9.0,85,85,100,95,135,70,570,1.5,74.2,https://img.pokemondb.net/sprites/scarlet-violet/normal/wo-chien.png
Nuzleaf,Grass,Dark,3.0,70,70,40,60,40,60,340,1.0,28.0,https://img.pokemondb.net/sprites/home/normal/2x/nuzleaf.jpg
Vanillite,Ice,,5.0,36,50,50,65,60,44,305,0.4,5.7,https://img.pokemondb.net/sprites/home/normal/2x/vanillite.jpg
Jigglypuff,Normal,Fairy,1.0,115,45,20,45,25,20,270,0.5,5.5,https://img.pokemondb.net/sprites/home/normal/2x/jigglypuff.jpg
Scrafty,Dark,Fighting,5.0,65,90,115,45,115,58,488,1.1,30.0,https://img.pokemondb.net/sprites/home/normal/2x/scrafty.jpg
Gourgeist,Ghost,Grass,6.0,65,90,122,58,75,84,494,0.9,12.5,https://img.pokemondb.net/sprites/home/normal/2x/gourgeist.jpg
Karrablast,Bug,,5.0,50,75,45,40,45,60,315,0.5,5.9,https://img.pokemondb.net/sprites/home/normal/2x/karrablast.jpg
Torchic,Fire,,3.0,45,60,40,70,50,45,310,0.4,2.5,https://img.pokemondb.net/sprites/home/normal/2x/torchic.jpg
Runerigus,Ground,Ghost,8.0,58,95,145,50,105,30,483,1.6,66.6,https://img.pokemondb.net/sprites/home/normal/2x/runerigus.jpg
Rookidee,Flying,,8.0,38,47,35,33,35,57,245,0.2,1.8,https://img.pokemondb.net/sprites/home/normal/2x/rookidee.jpg
Okidogi,Poison,Fighting,9.0,88,128,115,58,86,80,555,1.8,92.0,https://img.pokemondb.net/sprites/scarlet-violet/normal/okidogi.png
Lugia,Psychic,Flying,2.0,106,90,130,90,154,110,680,5.2,216.0,https://img.pokemondb.net/sprites/home/normal/2x/lugia.jpg
Weedle,Bug,Poison,1.0,40,35,30,20,20,50,195,0.3,3.2,https://img.pokemondb.net/sprites/home/normal/2x/weedle.jpg
Eelektross,Electric,,5.0,85,115,80,105,80,50,515,2.1,80.5,https://img.pokemondb.net/sprites/home/normal/2x/eelektross.jpg
Pancham,Fighting,,6.0,67,82,62,46,48,43,348,0.6,8.0,https://img.pokemondb.net/sprites/home/normal/2x/pancham.jpg
Magmar,Fire,,1.0,65,95,57,100,85,93,495,1.3,44.5,https://img.pokemondb.net/sprites/home/normal/2x/magmar.jpg
Chimecho,Psychic,,3.0,75,50,80,95,90,65,455,0.6,1.0,https://img.pokemondb.net/sprites/home/normal/2x/chimecho.jpg
Timburr,Fighting,,5.0,75,80,55,25,35,35,305,0.6,12.5,https://img.pokemondb.net/sprites/home/normal/2x/timburr.jpg
Keldeo,Water,Fighting,5.0,91,72,90,129,90,108,580,1.4,48.5,https://img.pokemondb.net/sprites/home/normal/2x/keldeo.jpg
Genesect,Bug,Steel,5.0,71,120,95,120,95,99,600,1.5,82.5,https://img.pokemondb.net/sprites/home/normal/2x/genesect.jpg
Morgrem,Dark,Fairy,8.0,65,60,45,75,55,70,370,0.8,12.5,https://img.pokemondb.net/sprites/home/normal/2x/morgrem.jpg
Meditite,Fighting,Psychic,3.0,30,40,55,40,55,60,280,0.6,11.2,https://img.pokemondb.net/sprites/home/normal/2x/meditite.jpg
Dragalge,Poison,Dragon,6.0,65,75,90,97,123,44,494,1.8,81.5,https://img.pokemondb.net/sprites/home/normal/2x/dragalge.jpg
Slither Wing,Bug,Fighting,9.0,85,135,79,85,105,81,570,3.2,92.0,https://img.pokemondb.net/sprites/scarlet-violet/normal/slither-wing.png
Garchomp,Dragon,Ground,4.0,108,130,95,80,85,102,600,1.9,95.0,https://img.pokemondb.net/sprites/home/normal/2x/garchomp.jpg
Raichu,Electric,,1.0,60,90,55,90,80,110,485,0.8,30.0,https://img.pokemondb.net/sprites/home/normal/2x/raichu.jpg
Houndour,Dark,Fire,2.0,45,60,30,80,50,65,330,0.6,10.8,https://img.pokemondb.net/sprites/home/normal/2x/houndour.jpg
Manectric,Electric,,3.0,70,75,60,105,60,105,475,1.5,40.2,https://img.pokemondb.net/sprites/home/normal/2x/manectric.jpg
Snorlax,Normal,,1.0,160,110,65,65,110,30,540,2.1,460.0,https://img.pokemondb.net/sprites/home/normal/2x/snorlax.jpg
Cofagrigus,Ghost,,5.0,58,50,145,95,105,30,483,1.7,76.5,https://img.pokemondb.net/sprites/home/normal/2x/cofagrigus.jpg
Bramblin,Grass,Ghost,9.0,40,65,30,45,35,60,275,0.6,0.6,https://img.pokemondb.net/sprites/scarlet-violet/normal/bramblin.png
Wugtrio,Water,,9.0,35,100,50,50,70,120,425,1.2,5.4,https://img.pokemondb.net/sprites/scarlet-violet/normal/wugtrio.png
Turtwig,Grass,,4.0,55,68,64,45,55,31,318,0.4,10.2,https://img.pokemondb.net/sprites/home/normal/2x/turtwig.jpg
Clauncher,Water,,6.0,50,53,62,58,63,44,330,0.5,8.3,https://img.pokemondb.net/sprites/home/normal/2x/clauncher.jpg
Watchog,Normal,,5.0,60,85,69,60,69,77,420,1.1,27.0,https://img.pokemondb.net/sprites/home/normal/2x/watchog.jpg
Kingler,Water,,1.0,55,130,115,50,50,75,475,1.3,60.0,https://img.pokemondb.net/sprites/home/normal/2x/kingler.jpg
Stoutland,Normal,,5.0,85,110,90,45,90,80,500,1.2,61.0,https://img.pokemondb.net/sprites/home/normal/2x/stoutland.jpg
Raging Bolt,Electric,Dragon,9.0,125,73,91,137,89,75,590,5.2,480.0,https://img.pokemondb.net/sprites/scarlet-violet/normal/raging-bolt.png
Buizel,Water,,4.0,55,65,35,60,30,85,330,0.7,29.5,https://img.pokemondb.net/sprites/home/normal/2x/buizel.jpg
Beartic,Ice,,5.0,95,130,80,70,80,50,505,2.6,260.0,https://img.pokemondb.net/sprites/home/normal/2x/beartic.jpg
Bisharp,Dark,Steel,5.0,65,125,100,60,70,70,490,1.6,70.0,https://img.pokemondb.net/sprites/home/normal/2x/bisharp.jpg
Goodra,Dragon,,6.0,90,100,70,110,150,80,600,2.0,150.5,https://img.pokemondb.net/sprites/home/normal/2x/goodra.jpg
Spinda,Normal,,3.0,60,60,60,60,60,60,360,1.1,5.0,https://img.pokemondb.net/sprites/home/normal/2x/spinda.jpg
Regice,Ice,,3.0,80,50,100,100,200,50,580,1.8,175.0,https://img.pokemondb.net/sprites/home/normal/2x/regice.jpg
Naganadel,Poison,Dragon,7.0,73,73,73,127,73,121,540,3.6,150.0,https://img.pokemondb.net/sprites/home/normal/2x/naganadel.jpg
Uxie,Psychic,,4.0,75,75,130,75,130,95,580,0.3,0.3,https://img.pokemondb.net/sprites/home/normal/2x/uxie.jpg
Seaking,Water,,1.0,80,92,65,65,80,68,450,1.3,39.0,https://img.pokemondb.net/sprites/home/normal/2x/seaking.jpg
Totodile,Water,,2.0,50,65,64,44,48,43,314,0.6,9.5,https://img.pokemondb.net/sprites/home/normal/2x/totodile.jpg
Cradily,Rock,Grass,3.0,86,81,97,81,107,43,495,1.5,60.4,https://img.pokemondb.net/sprites/home/normal/2x/cradily.jpg
Heatmor,Fire,,5.0,85,97,66,105,66,65,484,1.4,58.0,https://img.pokemondb.net/sprites/home/normal/2x/heatmor.jpg
Rapidash,Fire,,1.0,65,100,70,80,80,105,500,1.7,95.0,https://img.pokemondb.net/sprites/home/normal/2x/rapidash.jpg
Ariados,Bug,Poison,2.0,70,90,70,60,70,40,400,1.1,33.5,https://img.pokemondb.net/sprites/home/normal/2x/ariados.jpg
Munkidori,Poison,Psychic,9.0,88,75,66,130,90,106,555,1.0,12.2,https://img.pokemondb.net/sprites/scarlet-violet/normal/munkidori.png
Corvisquire,Flying,,8.0,68,67,55,43,55,77,365,0.8,16.0,https://img.pokemondb.net/sprites/home/normal/2x/corvisquire.jpg
Floragato,Grass,,9.0,61,80,63,60,63,83,410,0.9,12.2,https://img.pokemondb.net/sprites/scarlet-violet/normal/floragato.png
Cinderace,Fire,,8.0,80,116,75,65,75,119,530,1.4,33.0,https://img.pokemondb.net/sprites/home/normal/2x/cinderace.jpg
Dubwool,Normal,,8.0,72,80,100,60,90,88,490,1.3,43.0,https://img.pokemondb.net/sprites/home/normal/2x/dubwool.jpg
Tyrantrum,Rock,Dragon,6.0,82,121,119,69,59,71,521,2.5,270.0,https://img.pokemondb.net/sprites/home/normal/2x/tyrantrum.jpg
Inteleon,Water,,8.0,70,85,65,125,65,120,530,1.9,45.2,https://img.pokemondb.net/sprites/home/normal/2x/inteleon.jpg
Bastiodon,Rock,Steel,4.0,60,52,168,47,138,30,495,1.3,149.5,https://img.pokemondb.net/sprites/home/normal/2x/bastiodon.jpg
Gurdurr,Fighting,,5.0,85,105,85,40,50,40,405,1.2,40.0,https://img.pokemondb.net/sprites/home/normal/2x/gurdurr.jpg
Krokorok,Ground,Dark,5.0,60,82,45,45,45,74,351,1.0,33.4,https://img.pokemondb.net/sprites/home/normal/2x/krokorok.jpg
Nidoking,Poison,Ground,1.0,81,102,77,85,75,85,505,1.4,62.0,https://img.pokemondb.net/sprites/home/normal/2x/nidoking.jpg
Chien-Pao,Dark,Ice,9.0,80,120,80,90,65,135,570,1.9,152.2,https://img.pokemondb.net/sprites/scarlet-violet/normal/chien-pao.png
Flabébé,Fairy,,6.0,44,38,39,61,79,42,303,0.1,0.1,https://img.pokemondb.net/sprites/home/normal/2x/flabebe.jpg
Vibrava,Ground,Dragon,3.0,50,70,50,50,50,70,340,1.1,15.3,https://img.pokemondb.net/sprites/home/normal/2x/vibrava.jpg
Greavard,Ghost,,9.0,50,61,60,30,55,34,290,0.6,35.0,https://img.pokemondb.net/sprites/scarlet-violet/normal/greavard.png
Bellsprout,Grass,Poison,1.0,50,75,35,70,30,40,300,0.7,4.0,https://img.pokemondb.net/sprites/home/normal/2x/bellsprout.jpg
Wattrel,Electric,Flying,9.0,40,40,35,55,40,70,280,0.4,3.6,https://img.pokemondb.net/sprites/scarlet-violet/normal/wattrel.png
Donphan,Ground,,2.0,90,120,120,60,60,50,500,1.1,120.0,https://img.pokemondb.net/sprites/home/normal/2x/donphan.jpg
Persian,Normal,,1.0,65,70,60,65,65,115,440,1.0,32.0,https://img.pokemondb.net/sprites/home/normal/2x/persian.jpg
Trevenant,Ghost,Grass,6.0,85,110,76,65,82,56,474,1.5,71.0,https://img.pokemondb.net/sprites/home/normal/2x/trevenant.jpg
Iron Thorns,Rock,Electric,9.0,100,134,110,70,84,72,570,1.6,303.0,https://img.pokemondb.net/sprites/scarlet-violet/normal/iron-thorns.png
Wyrdeer,Normal,Psychic,8.0,103,105,72,105,75,65,525,1.8,95.1,https://img.pokemondb.net/sprites/home/normal/2x/wyrdeer.jpg
Zacian,Fairy,,8.0,92,120,115,80,115,138,660,2.8,110.0,https://img.pokemondb.net/sprites/home/normal/2x/zacian.jpg
Centiskorch,Fire,Bug,8.0,100,115,65,90,90,65,525,3.0,120.0,https://img.pokemondb.net/sprites/home/normal/2x/centiskorch.jpg
Jangmo-o,Dragon,,7.0,45,55,65,45,45,45,300,0.6,29.7,https://img.pokemondb.net/sprites/home/normal/2x/jangmo-o.jpg
Klinklang,Steel,,5.0,60,100,115,70,85,90,520,0.6,81.0,https://img.pokemondb.net/sprites/home/normal/2x/klinklang.jpg
Seel,Water,,1.0,65,45,55,45,70,45,325,1.1,90.0,https://img.pokemondb.net/sprites/home/normal/2x/seel.jpg
Swirlix,Fairy,,6.0,62,48,66,59,57,49,341,0.4,3.5,https://img.pokemondb.net/sprites/home/normal/2x/swirlix.jpg
Oinkologne,Normal,,9.0,110,100,75,59,80,65,489,1.0,120.0,https://img.pokemondb.net/sprites/scarlet-violet/normal/oinkologne.png
Aerodactyl,Rock,Flying,1.0,80,105,65,60,75,130,515,1.8,59.0,https://img.pokemondb.net/sprites/home/normal/2x/aerodactyl.jpg
Swanna,Water,Flying,5.0,75,87,63,87,63,98,473,1.3,24.2,https://img.pokemondb.net/sprites/home/normal/2x/swanna.jpg
Whirlipede,Bug,Poison,5.0,40,55,99,40,79,47,360,1.2,58.5,https://img.pokemondb.net/sprites/home/normal/2x/whirlipede.jpg
Wimpod,Bug,Water,7.0,25,35,40,20,30,80,230,0.5,12.0,https://img.pokemondb.net/sprites/home/normal/2x/wimpod.jpg
Dedenne,Electric,Fairy,6.0,67,58,57,81,67,101,431,0.2,2.2,https://img.pokemondb.net/sprites/home/normal/2x/dedenne.jpg
Gossifleur,Grass,,8.0,40,40,60,40,60,10,250,0.4,2.2,https://img.pokemondb.net/sprites/home/normal/2x/gossifleur.jpg
Kartana,Grass,Steel,7.0,59,181,131,59,31,109,570,0.3,0.1,https://img.pokemondb.net/sprites/home/normal/2x/kartana.jpg
Raticate,Normal,,1.0,55,81,60,50,70,97,413,0.7,18.5,https://img.pokemondb.net/sprites/home/normal/2x/raticate.jpg
Tinkaton,Fairy,Steel,9.0,85,75,77,70,105,94,506,0.7,112.8,https://img.pokemondb.net/sprites/scarlet-violet/normal/tinkaton.png
Dustox,Bug,Poison,3.0,60,50,70,50,90,65,385,1.2,31.6,https://img.pokemondb.net/sprites/home/normal/2x/dustox.jpg
Sudowoodo,Rock,,2.0,70,100,115,30,65,30,410,1.2,38.0,https://img.pokemondb.net/sprites/home/normal/2x/sudowoodo.jpg
Magby,Fire,,2.0,45,75,37,70,55,83,365,0.7,21.4,https://img.pokemondb.net/sprites/home/normal/2x/magby.jpg
Graveler,Rock,Ground,1.0,55,95,115,45,45,35,390,1.0,105.0,https://img.pokemondb.net/sprites/home/normal/2x/graveler.jpg
Magcargo,Fire,Rock,2.0,60,50,120,90,80,30,430,0.8,55.0,https://img.pokemondb.net/sprites/home/normal/2x/magcargo.jpg
Garbodor,Poison,,5.0,80,95,82,60,82,75,474,1.9,107.3,https://img.pokemondb.net/sprites/home/normal/2x/garbodor.jpg
Torkoal,Fire,,3.0,70,85,140,85,70,20,470,0.5,80.4,https://img.pokemondb.net/sprites/home/normal/2x/torkoal.jpg
Pidgey,Normal,Flying,1.0,40,45,40,35,35,56,251,0.3,1.8,https://img.pokemondb.net/sprites/home/normal/2x/pidgey.jpg
Carnivine,Grass,,4.0,74,100,72,90,72,46,454,1.4,27.0,https://img.pokemondb.net/sprites/home/normal/2x/carnivine.jpg
Herdier,Normal,,5.0,65,80,65,35,65,60,370,0.9,14.7,https://img.pokemondb.net/sprites/home/normal/2x/herdier.jpg
Golurk,Ground,Ghost,5.0,89,124,80,55,80,55,483,2.8,330.0,https://img.pokemondb.net/sprites/home/normal/2x/golurk.jpg
Primeape,Fighting,,1.0,65,105,60,60,70,95,455,1.0,32.0,https://img.pokemondb.net/sprites/home/normal/2x/primeape.jpg
Hoothoot,Normal,Flying,2.0,60,30,30,36,56,50,262,0.7,21.2,https://img.pokemondb.net/sprites/home/normal/2x/hoothoot.jpg
Iron Leaves,Grass,Psychic,9.0,90,130,88,70,108,104,590,1.5,125.0,https://img.pokemondb.net/sprites/scarlet-violet/normal/iron-leaves.png
Hoopa,Psychic,Ghost,6.0,80,110,60,150,130,70,600,0.5,9.0,https://img.pokemondb.net/sprites/home/normal/2x/hoopa.jpg
Helioptile,Electric,Normal,6.0,44,38,33,61,43,70,289,0.5,6.0,https://img.pokemondb.net/sprites/home/normal/2x/helioptile.jpg
Smeargle,Normal,,2.0,55,20,35,20,45,75,250,1.2,58.0,https://img.pokemondb.net/sprites/home/normal/2x/smeargle.jpg
Baltoy,Ground,Psychic,3.0,40,40,55,40,70,55,300,0.5,21.5,https://img.pokemondb.net/sprites/home/normal/2x/baltoy.jpg
Honchkrow,Dark,Flying,4.0,100,125,52,105,52,71,505,0.9,27.3,https://img.pokemondb.net/sprites/home/normal/2x/honchkrow.jpg
Exeggutor,Grass,Psychic,1.0,95,95,85,125,75,55,530,2.0,120.0,https://img.pokemondb.net/sprites/home/normal/2x/exeggutor.jpg
Yanmega,Bug,Flying,4.0,86,76,86,116,56,95,515,1.9,51.5,https://img.pokemondb.net/sprites/home/normal/2x/yanmega.jpg
Krookodile,Ground,Dark,5.0,95,117,80,65,70,92,519,1.5,96.3,https://img.pokemondb.net/sprites/home/normal/2x/krookodile.jpg
Raikou,Electric,,2.0,90,85,75,115,100,115,580,1.9,178.0,https://img.pokemondb.net/sprites/home/normal/2x/raikou.jpg
Porygon2,Normal,,2.0,85,80,90,105,95,60,515,0.6,32.5,https://img.pokemondb.net/sprites/home/normal/2x/porygon2.jpg
Plusle,Electric,,3.0,60,50,40,85,75,95,405,0.4,4.2,https://img.pokemondb.net/sprites/home/normal/2x/plusle.jpg
Toucannon,Normal,Flying,7.0,80,120,75,75,75,60,485,1.1,26.0,https://img.pokemondb.net/sprites/home/normal/2x/toucannon.jpg
Serperior,Grass,,5.0,75,75,95,75,95,113,528,3.3,63.0,https://img.pokemondb.net/sprites/home/normal/2x/serperior.jpg
Dachsbun,Fairy,,9.0,57,80,115,50,80,95,477,0.5,14.9,https://img.pokemondb.net/sprites/scarlet-violet/normal/dachsbun.png
Togekiss,Fairy,Flying,4.0,85,50,95,120,115,80,545,1.5,38.0,https://img.pokemondb.net/sprites/home/normal/2x/togekiss.jpg
Ogerpon,Grass,,9.0,80,120,84,60,96,110,550,1.2,39.8,https://img.pokemondb.net/sprites/scarlet-violet/normal/ogerpon.png
Golduck,Water,,1.0,80,82,78,95,80,85,500,1.7,76.6,https://img.pokemondb.net/sprites/home/normal/2x/golduck.jpg
Mienshao,Fighting,,5.0,65,125,60,95,60,105,510,1.4,35.5,https://img.pokemondb.net/sprites/home/normal/2x/mienshao.jpg
Tandemaus,Normal,,9.0,50,50,45,40,45,75,305,0.3,1.8,https://img.pokemondb.net/sprites/scarlet-violet/normal/tandemaus.png
Xurkitree,Electric,,7.0,83,89,71,173,71,83,570,3.8,100.0,https://img.pokemondb.net/sprites/home/normal/2x/xurkitree.jpg
Psyduck,Water,,1.0,50,52,48,65,50,55,320,0.8,19.6,https://img.pokemondb.net/sprites/home/normal/2x/psyduck.jpg
Calyrex,Psychic,Grass,8.0,100,80,80,80,80,80,500,1.1,7.7,https://img.pokemondb.net/sprites/home/normal/2x/calyrex.jpg
Typhlosion,Fire,,2.0,78,84,78,109,85,100,534,1.7,79.5,https://img.pokemondb.net/sprites/home/normal/2x/typhlosion.jpg
Diglett,Ground,,1.0,10,55,25,35,45,95,265,0.2,0.8,https://img.pokemondb.net/sprites/home/normal/2x/diglett.jpg
Spearow,Normal,Flying,1.0,40,60,30,31,31,70,262,0.3,2.0,https://img.pokemondb.net/sprites/home/normal/2x/spearow.jpg
Electivire,Electric,,4.0,75,123,67,95,85,95,540,1.8,138.6,https://img.pokemondb.net/sprites/home/normal/2x/electivire.jpg
Swadloon,Bug,Grass,5.0,55,63,90,50,80,42,380,0.5,7.3,https://img.pokemondb.net/sprites/home/normal/2x/swadloon.jpg
Dolliv,Grass,Normal,9.0,52,53,60,78,78,33,354,0.6,11.9,https://img.pokemondb.net/sprites/scarlet-violet/normal/dolliv.png
Furfrou,Normal,,6.0,75,80,60,65,90,102,472,1.2,28.0,https://img.pokemondb.net/sprites/home/normal/2x/furfrou.jpg
Skuntank,Poison,Dark,4.0,103,93,67,71,61,84,479,1.0,38.0,https://img.pokemondb.net/sprites/home/normal/2x/skuntank.jpg
Mesprit,Psychic,,4.0,80,105,105,105,105,80,580,0.3,0.3,https://img.pokemondb.net/sprites/home/normal/2x/mesprit.jpg
Piplup,Water,,4.0,53,51,53,61,56,40,314,0.4,5.2,https://img.pokemondb.net/sprites/home/normal/2x/piplup.jpg
Meowscarada,Grass,Dark,9.0,76,110,70,81,70,123,530,1.5,31.2,https://img.pokemondb.net/sprites/scarlet-violet/normal/meowscarada.png
Arrokuda,Water,,8.0,41,63,40,40,30,66,280,0.5,1.0,https://img.pokemondb.net/sprites/home/normal/2x/arrokuda.jpg
Cufant,Steel,,8.0,72,80,49,40,49,40,330,1.2,100.0,https://img.pokemondb.net/sprites/home/normal/2x/cufant.jpg
Empoleon,Water,Steel,4.0,84,86,88,111,101,60,530,1.7,84.5,https://img.pokemondb.net/sprites/home/normal/2x/empoleon.jpg
Chimchar,Fire,,4.0,44,58,44,58,44,61,309,0.5,6.2,https://img.pokemondb.net/sprites/home/normal/2x/chimchar.jpg
Murkrow,Dark,Flying,2.0,60,85,42,85,42,91,405,0.5,2.1,https://img.pokemondb.net/sprites/home/normal/2x/murkrow.jpg
Rockruff,Rock,,7.0,45,65,40,30,40,60,280,0.5,9.2,https://img.pokemondb.net/sprites/home/normal/2x/rockruff.jpg
Swampert,Water,Ground,3.0,100,110,90,85,90,60,535,1.5,81.9,https://img.pokemondb.net/sprites/home/normal/2x/swampert.jpg
Pichu,Electric,,2.0,20,40,15,35,35,60,205,0.3,2.0,https://img.pokemondb.net/sprites/home/normal/2x/pichu.jpg
Togedemaru,Electric,Steel,7.0,65,98,63,40,73,96,435,0.3,3.3,https://img.pokemondb.net/sprites/home/normal/2x/togedemaru.jpg
Pidove,Normal,Flying,5.0,50,55,50,36,30,43,264,0.3,2.1,https://img.pokemondb.net/sprites/home/normal/2x/pidove.jpg
Girafarig,Normal,Psychic,2.0,70,80,65,90,65,85,455,1.5,41.5,https://img.pokemondb.net/sprites/home/normal/2x/girafarig.jpg
Urshifu,Fighting,Dark,8.0,100,130,100,63,60,97,550,1.9,105.0,https://img.pokemondb.net/sprites/home/normal/2x/urshifu.jpg
Tyrunt,Rock,Dragon,6.0,58,89,77,45,45,48,362,0.8,26.0,https://img.pokemondb.net/sprites/home/normal/2x/tyrunt.jpg
Sinistcha,Grass,Ghost,9.0,71,60,106,121,80,70,508,0.2,2.2,https://img.pokemondb.net/sprites/scarlet-violet/normal/sinistcha.png
Chatot,Normal,Flying,4.0,76,65,45,92,42,91,411,0.5,1.9,https://img.pokemondb.net/sprites/home/normal/2x/chatot.jpg
Fletchling,Normal,Flying,6.0,45,50,43,40,38,62,278,0.3,1.7,https://img.pokemondb.net/sprites/home/normal/2x/fletchling.jpg
Heliolisk,Electric,Normal,6.0,62,55,52,109,94,109,481,1.0,21.0,https://img.pokemondb.net/sprites/home/normal/2x/heliolisk.jpg
Glalie,Ice,,3.0,80,80,80,80,80,80,480,1.5,256.5,https://img.pokemondb.net/sprites/home/normal/2x/glalie.jpg
Rufflet,Normal,Flying,5.0,70,83,50,37,50,60,350,0.5,10.5,https://img.pokemondb.net/sprites/home/normal/2x/rufflet.jpg
Golett,Ground,Ghost,5.0,59,74,50,35,50,35,303,1.0,92.0,https://img.pokemondb.net/sprites/home/normal/2x/golett.jpg
Vespiquen,Bug,Flying,4.0,70,80,102,80,102,40,474,1.2,38.5,https://img.pokemondb.net/sprites/home/normal/2x/vespiquen.jpg
Munchlax,Normal,,4.0,135,85,40,40,85,5,390,0.6,105.0,https://img.pokemondb.net/sprites/home/normal/2x/munchlax.jpg
Tympole,Water,,5.0,50,50,40,50,40,64,294,0.5,4.5,https://img.pokemondb.net/sprites/home/normal/2x/tympole.jpg
Klink,Steel,,5.0,40,55,70,45,60,30,300,0.3,21.0,https://img.pokemondb.net/sprites/home/normal/2x/klink.jpg
Chespin,Grass,,6.0,56,61,65,48,45,38,313,0.4,9.0,https://img.pokemondb.net/sprites/home/normal/2x/chespin.jpg
Crabominable,Fighting,Ice,7.0,97,132,77,62,67,43,478,1.7,180.0,https://img.pokemondb.net/sprites/home/normal/2x/crabominable.jpg
Gothita,Psychic,,5.0,45,30,50,55,65,45,290,0.4,5.8,https://img.pokemondb.net/sprites/home/normal/2x/gothita.jpg
Cyclizar,Dragon,Normal,9.0,70,95,65,85,65,121,501,1.6,63.0,https://img.pokemondb.net/sprites/scarlet-violet/normal/cyclizar.png
Nidorino,Poison,,1.0,61,72,57,55,55,65,365,0.9,19.5,https://img.pokemondb.net/sprites/home/normal/2x/nidorino.jpg
Furret,Normal,,2.0,85,76,64,45,55,90,415,1.8,32.5,https://img.pokemondb.net/sprites/home/normal/2x/furret.jpg
Fraxure,Dragon,,5.0,66,117,70,40,50,67,410,1.0,36.0,https://img.pokemondb.net/sprites/home/normal/2x/fraxure.jpg
Trubbish,Poison,,5.0,50,50,62,40,62,65,329,0.6,31.0,https://img.pokemondb.net/sprites/home/normal/2x/trubbish.jpg
Wailord,Water,,3.0,170,90,45,90,45,60,500,14.5,398.0,https://img.pokemondb.net/sprites/home/normal/2x/wailord.jpg
Pidgeot,Normal,Flying,1.0,83,80,75,70,70,101,479,1.5,39.5,https://img.pokemondb.net/sprites/home/normal/2x/pidgeot.jpg
Sandygast,Ghost,Ground,7.0,55,55,80,70,45,15,320,0.5,70.0,https://img.pokemondb.net/sprites/home/normal/2x/sandygast.jpg
Growlithe,Fire,,1.0,55,70,45,70,50,60,350,0.7,19.0,https://img.pokemondb.net/sprites/home/normal/2x/growlithe.jpg
Virizion,Grass,Fighting,5.0,91,90,72,90,129,108,580,2.0,200.0,https://img.pokemondb.net/sprites/home/normal/2x/virizion.jpg
Omastar,Rock,Water,1.0,70,60,125,115,70,55,495,1.0,35.0,https://img.pokemondb.net/sprites/home/normal/2x/omastar.jpg
Noctowl,Normal,Flying,2.0,100,50,50,86,96,70,452,1.6,40.8,https://img.pokemondb.net/sprites/home/normal/2x/noctowl.jpg
Kakuna,Bug,Poison,1.0,45,25,50,25,25,35,205,0.6,10.0,https://img.pokemondb.net/sprites/home/normal/2x/kakuna.jpg
Dwebble,Bug,Rock,5.0,50,65,85,35,35,55,325,0.3,14.5,https://img.pokemondb.net/sprites/home/normal/2x/dwebble.jpg
Glastrier,Ice,,8.0,100,145,130,65,110,30,580,2.2,800.0,https://img.pokemondb.net/sprites/home/normal/2x/glastrier.jpg
Iron Treads,Ground,Steel,9.0,90,112,120,72,70,106,570,0.9,240.0,https://img.pokemondb.net/sprites/scarlet-violet/normal/iron-treads.png
Chesnaught,Grass,Fighting,6.0,88,107,122,74,75,64,530,1.6,90.0,https://img.pokemondb.net/sprites/home/normal/2x/chesnaught.jpg
Altaria,Dragon,Flying,3.0,75,70,90,70,105,80,490,1.1,20.6,https://img.pokemondb.net/sprites/home/normal/2x/altaria.jpg
Haxorus,Dragon,,5.0,76,147,90,60,70,97,540,1.8,105.5,https://img.pokemondb.net/sprites/home/normal/2x/haxorus.jpg
Luxray,Electric,,4.0,80,120,79,95,79,70,523,1.4,42.0,https://img.pokemondb.net/sprites/home/normal/2x/luxray.jpg
Tangrowth,Grass,,4.0,100,100,125,110,50,50,535,2.0,128.6,https://img.pokemondb.net/sprites/home/normal/2x/tangrowth.jpg
Shaymin,Grass,,4.0,100,100,100,100,100,100,600,0.2,2.1,https://img.pokemondb.net/sprites/home/normal/2x/shaymin.jpg
Onix,Rock,Ground,1.0,35,45,160,30,45,70,385,8.8,210.0,https://img.pokemondb.net/sprites/home/normal/2x/onix.jpg
Pawmot,Electric,Fighting,9.0,70,115,70,70,60,105,490,0.9,41.0,https://img.pokemondb.net/sprites/scarlet-violet/normal/pawmot.png
Lunatone,Rock,Psychic,3.0,90,55,65,95,85,70,460,1.0,168.0,https://img.pokemondb.net/sprites/home/normal/2x/lunatone.jpg
Swalot,Poison,,3.0,100,73,83,73,83,55,467,1.7,80.0,https://img.pokemondb.net/sprites/home/normal/2x/swalot.jpg
Excadrill,Ground,Steel,5.0,110,135,60,50,65,88,508,0.7,40.4,https://img.pokemondb.net/sprites/home/normal/2x/excadrill.jpg
Mareanie,Poison,Water,7.0,50,53,62,43,52,45,305,0.4,8.0,https://img.pokemondb.net/sprites/home/normal/2x/mareanie.jpg
Vigoroth,Normal,,3.0,80,80,80,55,55,90,440,1.4,46.5,https://img.pokemondb.net/sprites/home/normal/2x/vigoroth.jpg
Florges,Fairy,,6.0,78,65,68,112,154,75,552,1.1,10.0,https://img.pokemondb.net/sprites/home/normal/2x/florges.jpg
Eldegoss,Grass,,8.0,60,50,90,80,120,60,460,0.5,2.5,https://img.pokemondb.net/sprites/home/normal/2x/eldegoss.jpg
Shroodle,Poison,Normal,9.0,40,65,35,40,35,75,290,0.2,0.7,https://img.pokemondb.net/sprites/scarlet-violet/normal/shroodle.png
Sobble,Water,,8.0,50,40,40,70,40,70,310,0.3,4.0,https://img.pokemondb.net/sprites/home/normal/2x/sobble.jpg
Regigigas,Normal,,4.0,110,160,110,80,110,100,670,3.7,420.0,https://img.pokemondb.net/sprites/home/normal/2x/regigigas.jpg
Greedent,Normal,,8.0,120,95,95,55,75,20,460,0.6,6.0,https://img.pokemondb.net/sprites/home/normal/2x/greedent.jpg
Pignite,Fire,Fighting,5.0,90,93,55,70,55,55,418,1.0,55.5,https://img.pokemondb.net/sprites/home/normal/2x/pignite.jpg
Goldeen,Water,,1.0,45,67,60,35,50,63,320,0.6,15.0,https://img.pokemondb.net/sprites/home/normal/2x/goldeen.jpg
Espeon,Psychic,,2.0,65,65,60,130,95,110,525,0.9,26.5,https://img.pokemondb.net/sprites/home/normal/2x/espeon.jpg
Regieleki,Electric,,8.0,80,100,50,100,50,200,580,1.2,145.0,https://img.pokemondb.net/sprites/home/normal/2x/regieleki.jpg
Quilava,Fire,,2.0,58,64,58,80,65,80,405,0.9,19.0,https://img.pokemondb.net/sprites/home/normal/2x/quilava.jpg
Cetitan,Ice,,9.0,170,113,65,45,55,73,521,4.5,700.0,https://img.pokemondb.net/sprites/scarlet-violet/normal/cetitan.png
Prinplup,Water,,4.0,64,66,68,81,76,50,405,0.8,23.0,https://img.pokemondb.net/sprites/home/normal/2x/prinplup.jpg
Hydrapple,Grass,Dragon,9.0,106,80,110,120,80,44,540,1.8,93.0,https://img.pokemondb.net/sprites/scarlet-violet/normal/hydrapple.png
Thwackey,Grass,,8.0,70,85,70,55,60,80,420,0.7,14.0,https://img.pokemondb.net/sprites/home/normal/2x/thwackey.jpg
Shieldon,Rock,Steel,4.0,30,42,118,42,88,30,350,0.5,57.0,https://img.pokemondb.net/sprites/home/normal/2x/shieldon.jpg
Tadbulb,Electric,,9.0,61,31,41,59,35,45,272,0.3,0.4,https://img.pokemondb.net/sprites/scarlet-violet/normal/tadbulb.png
Reuniclus,Psychic,,5.0,110,65,75,125,85,30,490,1.0,20.1,https://img.pokemondb.net/sprites/home/normal/2x/reuniclus.jpg
Accelgor,Bug,,5.0,80,70,40,100,60,145,495,0.8,25.3,https://img.pokemondb.net/sprites/home/normal/2x/accelgor.jpg
Deino,Dark,Dragon,5.0,52,65,50,45,50,38,300,0.8,17.3,https://img.pokemondb.net/sprites/home/normal/2x/deino.jpg
Yamask,Ghost,,5.0,38,30,85,55,65,30,303,0.5,1.5,https://img.pokemondb.net/sprites/home/normal/2x/yamask.jpg
Victreebel,Grass,Poison,1.0,80,105,65,100,70,70,490,1.7,15.5,https://img.pokemondb.net/sprites/home/normal/2x/victreebel.jpg
Nosepass,Rock,,3.0,30,45,135,45,90,30,375,1.0,97.0,https://img.pokemondb.net/sprites/home/normal/2x/nosepass.jpg
Espathra,Psychic,,9.0,95,60,60,101,60,105,481,1.9,90.0,https://img.pokemondb.net/sprites/scarlet-violet/normal/espathra.png
Thundurus,Electric,Flying,5.0,79,115,70,125,80,111,580,1.5,61.0,https://img.pokemondb.net/sprites/home/normal/2x/thundurus.jpg
Ivysaur,Grass,Poison,1.0,60,62,63,80,80,60,405,1.0,13.0,https://img.pokemondb.net/sprites/home/normal/2x/ivysaur.jpg
Wurmple,Bug,,3.0,45,45,35,20,30,20,195,0.3,3.6,https://img.pokemondb.net/sprites/home/normal/2x/wurmple.jpg
Xatu,Psychic,Flying,2.0,65,75,70,95,70,95,470,1.5,15.0,https://img.pokemondb.net/sprites/home/normal/2x/xatu.jpg
Steelix,Steel,Ground,2.0,75,85,200,55,65,30,510,9.2,400.0,https://img.pokemondb.net/sprites/home/normal/2x/steelix.jpg
Swoobat,Psychic,Flying,5.0,67,57,55,77,55,114,425,0.9,10.5,https://img.pokemondb.net/sprites/home/normal/2x/swoobat.jpg
Unown,Psychic,,2.0,48,72,48,72,48,48,336,0.5,5.0,https://img.pokemondb.net/sprites/home/normal/2x/unown.jpg
Chewtle,Water,,8.0,50,64,50,38,38,44,284,0.3,8.5,https://img.pokemondb.net/sprites/home/normal/2x/chewtle.jpg
Poliwhirl,Water,,1.0,65,65,65,50,50,90,385,1.0,20.0,https://img.pokemondb.net/sprites/home/normal/2x/poliwhirl.jpg
Floette,Fairy,,6.0,54,45,47,75,98,52,371,0.2,0.9,https://img.pokemondb.net/sprites/home/normal/2x/floette.jpg
Meltan,Steel,,7.0,46,65,65,55,35,34,300,0.2,8.0,https://img.pokemondb.net/sprites/home/normal/2x/meltan.jpg
Victini,Psychic,Fire,5.0,100,100,100,100,100,100,600,0.4,4.0,https://img.pokemondb.net/sprites/home/normal/2x/victini.jpg
Drowzee,Psychic,,1.0,60,48,45,43,90,42,328,1.0,32.4,https://img.pokemondb.net/sprites/home/normal/2x/drowzee.jpg
Medicham,Fighting,Psychic,3.0,60,60,75,60,75,80,410,1.3,31.5,https://img.pokemondb.net/sprites/home/normal/2x/medicham.jpg
Cramorant,Flying,Water,8.0,70,85,55,85,95,85,475,0.8,18.0,https://img.pokemondb.net/sprites/home/normal/2x/cramorant.jpg
Kyogre,Water,,3.0,100,100,90,150,140,90,670,4.5,352.0,https://img.pokemondb.net/sprites/home/normal/2x/kyogre.jpg
Loudred,Normal,,3.0,84,71,43,71,43,48,360,1.0,40.5,https://img.pokemondb.net/sprites/home/normal/2x/loudred.jpg
Zekrom,Dragon,Electric,5.0,100,150,120,120,100,90,680,2.9,345.0,https://img.pokemondb.net/sprites/home/normal/2x/zekrom.jpg
Vaporeon,Water,,1.0,130,65,60,110,95,65,525,1.0,29.0,https://img.pokemondb.net/sprites/home/normal/2x/vaporeon.jpg
Tinkatink,Fairy,Steel,9.0,50,45,45,35,64,58,297,0.4,8.9,https://img.pokemondb.net/sprites/scarlet-violet/normal/tinkatink.png
Fearow,Normal,Flying,1.0,65,90,65,61,61,100,442,1.2,38.0,https://img.pokemondb.net/sprites/home/normal/2x/fearow.jpg
Milotic,Water,,3.0,95,60,79,100,125,81,540,6.2,162.0,https://img.pokemondb.net/sprites/home/normal/2x/milotic.jpg
Slaking,Normal,,3.0,150,160,100,95,65,100,670,2.0,130.5,https://img.pokemondb.net/sprites/home/normal/2x/slaking.jpg
Panpour,Water,,5.0,50,53,48,53,48,64,316,0.6,13.5,https://img.pokemondb.net/sprites/home/normal/2x/panpour.jpg
Cloyster,Water,Ice,1.0,50,95,180,85,45,70,525,1.5,132.5,https://img.pokemondb.net/sprites/home/normal/2x/cloyster.jpg
Nidorina,Poison,,1.0,70,62,67,55,55,56,365,0.8,20.0,https://img.pokemondb.net/sprites/home/normal/2x/nidorina.jpg
Swellow,Normal,Flying,3.0,60,85,60,75,50,125,455,0.7,19.8,https://img.pokemondb.net/sprites/home/normal/2x/swellow.jpg
Sneasler,Fighting,Poison,8.0,80,130,60,40,80,120,510,1.3,43.0,https://img.pokemondb.net/sprites/home/normal/2x/sneasler.jpg
Vanillish,Ice,,5.0,51,65,65,80,75,59,395,1.1,41.0,https://img.pokemondb.net/sprites/home/normal/2x/vanillish.jpg
Marshadow,Fighting,Ghost,7.0,90,125,80,90,90,125,600,0.7,22.2,https://img.pokemondb.net/sprites/home/normal/2x/marshadow.jpg
Greninja,Water,Dark,6.0,72,95,67,103,71,122,530,1.5,40.0,https://img.pokemondb.net/sprites/home/normal/2x/greninja.jpg
Roaring Moon,Dragon,Dark,9.0,105,139,71,55,101,119,590,2.0,380.0,https://img.pokemondb.net/sprites/scarlet-violet/normal/roaring-moon.png
Finneon,Water,,4.0,49,49,56,49,61,66,330,0.4,7.0,https://img.pokemondb.net/sprites/home/normal/2x/finneon.jpg
Metagross,Steel,Psychic,3.0,80,135,130,95,90,70,600,1.6,550.0,https://img.pokemondb.net/sprites/home/normal/2x/metagross.jpg
Mantyke,Water,Flying,4.0,45,20,50,60,120,50,345,1.0,65.0,https://img.pokemondb.net/sprites/home/normal/2x/mantyke.jpg
Pincurchin,Electric,,8.0,48,101,95,91,85,15,435,0.3,1.0,https://img.pokemondb.net/sprites/home/normal/2x/pincurchin.jpg
Blipbug,Bug,,8.0,25,20,20,25,45,45,180,0.4,8.0,https://img.pokemondb.net/sprites/home/normal/2x/blipbug.jpg
Oranguru,Normal,Psychic,7.0,90,60,80,90,110,60,490,1.5,76.0,https://img.pokemondb.net/sprites/home/normal/2x/oranguru.jpg
Froakie,Water,,6.0,41,56,40,62,44,71,314,0.3,7.0,https://img.pokemondb.net/sprites/home/normal/2x/froakie.jpg
Sceptile,Grass,,3.0,70,85,65,105,85,120,530,1.7,52.2,https://img.pokemondb.net/sprites/home/normal/2x/sceptile.jpg
Lileep,Rock,Grass,3.0,66,41,77,61,87,23,355,1.0,23.8,https://img.pokemondb.net/sprites/home/normal/2x/lileep.jpg
Vanilluxe,Ice,,5.0,71,95,85,110,95,79,535,1.3,57.5,https://img.pokemondb.net/sprites/home/normal/2x/vanilluxe.jpg
Vullaby,Dark,Flying,5.0,70,55,75,45,65,60,370,0.5,9.0,https://img.pokemondb.net/sprites/home/normal/2x/vullaby.jpg
Venomoth,Bug,Poison,1.0,70,65,60,90,75,90,450,1.5,12.5,https://img.pokemondb.net/sprites/home/normal/2x/venomoth.jpg
Flaaffy,Electric,,2.0,70,55,55,80,60,45,365,0.8,13.3,https://img.pokemondb.net/sprites/home/normal/2x/flaaffy.jpg
Metang,Steel,Psychic,3.0,60,75,100,55,80,50,420,1.2,202.5,https://img.pokemondb.net/sprites/home/normal/2x/metang.jpg
Shellos,Water,,4.0,76,48,48,57,62,34,325,0.3,6.3,https://img.pokemondb.net/sprites/home/normal/2x/shellos.jpg
Silicobra,Ground,,8.0,52,57,75,35,50,46,315,2.2,7.6,https://img.pokemondb.net/sprites/home/normal/2x/silicobra.jpg
Rellor,Bug,,9.0,41,50,60,31,58,30,270,0.2,1.0,https://img.pokemondb.net/sprites/scarlet-violet/normal/rellor.png
Enamorus,Fairy,Flying,8.0,74,115,70,135,80,106,580,1.6,48.0,https://img.pokemondb.net/sprites/home/normal/2x/enamorus.jpg
Grookey,Grass,,8.0,50,65,50,40,40,65,310,0.3,5.0,https://img.pokemondb.net/sprites/home/normal/2x/grookey.jpg
Haunter,Ghost,Poison,1.0,45,50,45,115,55,95,405,1.6,0.1,https://img.pokemondb.net/sprites/home/normal/2x/haunter.jpg
Gorebyss,Water,,3.0,55,84,105,114,75,52,485,1.8,22.6,https://img.pokemondb.net/sprites/home/normal/2x/gorebyss.jpg
Poltchageist,Grass,Ghost,9.0,40,45,45,74,54,50,308,0.1,1.1,https://img.pokemondb.net/sprites/scarlet-violet/normal/poltchageist.png
Boldore,Rock,,5.0,70,105,105,50,40,20,390,0.9,102.0,https://img.pokemondb.net/sprites/home/normal/2x/boldore.jpg
Remoraid,Water,,2.0,35,65,35,65,35,65,300,0.6,12.0,https://img.pokemondb.net/sprites/home/normal/2x/remoraid.jpg
Maractus,Grass,,5.0,75,86,67,106,67,60,461,1.0,28.0,https://img.pokemondb.net/sprites/home/normal/2x/maractus.jpg
Koffing,Poison,,1.0,40,65,95,60,45,35,340,0.6,1.0,https://img.pokemondb.net/sprites/home/normal/2x/koffing.jpg
Deoxys,Psychic,,3.0,50,150,50,150,50,150,600,1.7,60.8,https://img.pokemondb.net/sprites/home/normal/2x/deoxys.jpg
Slowking,Water,Psychic,2.0,95,75,80,100,110,30,490,2.0,79.5,https://img.pokemondb.net/sprites/home/normal/2x/slowking.jpg
Minccino,Normal,,5.0,55,50,40,40,40,75,300,0.4,5.8,https://img.pokemondb.net/sprites/home/normal/2x/minccino.jpg
Drilbur,Ground,,5.0,60,85,40,30,45,68,328,0.3,8.5,https://img.pokemondb.net/sprites/home/normal/2x/drilbur.jpg
Pansage,Grass,,5.0,50,53,48,53,48,64,316,0.6,10.5,https://img.pokemondb.net/sprites/home/normal/2x/pansage.jpg
Delphox,Fire,Psychic,6.0,75,69,72,114,100,104,534,1.5,39.0,https://img.pokemondb.net/sprites/home/normal/2x/delphox.jpg
Cottonee,Grass,Fairy,5.0,40,27,60,37,50,66,280,0.3,0.6,https://img.pokemondb.net/sprites/home/normal/2x/cottonee.jpg
Rolycoly,Rock,,8.0,30,40,50,40,50,30,240,0.3,12.0,https://img.pokemondb.net/sprites/home/normal/2x/rolycoly.jpg
Kommo-o,Dragon,Fighting,7.0,75,110,125,100,105,85,600,1.6,78.2,https://img.pokemondb.net/sprites/home/normal/2x/kommo-o.jpg
Zangoose,Normal,,3.0,73,115,60,60,60,90,458,1.3,40.3,https://img.pokemondb.net/sprites/home/normal/2x/zangoose.jpg
Barboach,Water,Ground,3.0,50,48,43,46,41,60,288,0.4,1.9,https://img.pokemondb.net/sprites/home/normal/2x/barboach.jpg
Roserade,Grass,Poison,4.0,60,70,65,125,105,90,515,0.9,14.5,https://img.pokemondb.net/sprites/home/normal/2x/roserade.jpg
Gloom,Grass,Poison,1.0,60,65,70,85,75,40,395,0.8,8.6,https://img.pokemondb.net/sprites/home/normal/2x/gloom.jpg
Morelull,Grass,Fairy,7.0,40,35,55,65,75,15,285,0.2,1.5,https://img.pokemondb.net/sprites/home/normal/2x/morelull.jpg
Solrock,Rock,Psychic,3.0,90,95,85,55,65,70,460,1.2,154.0,https://img.pokemondb.net/sprites/home/normal/2x/solrock.jpg
Togepi,Fairy,,2.0,35,20,65,40,65,20,245,0.3,1.5,https://img.pokemondb.net/sprites/home/normal/2x/togepi.jpg
Kricketot,Bug,,4.0,37,25,41,25,41,25,194,0.3,2.2,https://img.pokemondb.net/sprites/home/normal/2x/kricketot.jpg
Clefairy,Fairy,,1.0,70,45,48,60,65,35,323,0.6,7.5,https://img.pokemondb.net/sprites/home/normal/2x/clefairy.jpg
Gastly,Ghost,Poison,1.0,30,35,30,100,35,80,310,1.3,0.1,https://img.pokemondb.net/sprites/home/normal/2x/gastly.jpg
Escavalier,Bug,Steel,5.0,70,135,105,60,105,20,495,1.0,33.0,https://img.pokemondb.net/sprites/home/normal/2x/escavalier.jpg
Cursola,Ghost,,8.0,60,95,50,145,130,30,510,1.0,0.4,https://img.pokemondb.net/sprites/home/normal/2x/cursola.jpg
Poipole,Poison,,7.0,67,73,67,73,67,73,420,0.6,1.8,https://img.pokemondb.net/sprites/home/normal/2x/poipole.jpg
Elekid,Electric,,2.0,45,63,37,65,55,95,360,0.6,23.5,https://img.pokemondb.net/sprites/home/normal/2x/elekid.jpg
Mewtwo,Psychic,,1.0,106,110,90,154,90,130,680,2.0,122.0,https://img.pokemondb.net/sprites/home/normal/2x/mewtwo.jpg
Whiscash,Water,Ground,3.0,110,78,73,76,71,60,468,0.9,23.6,https://img.pokemondb.net/sprites/home/normal/2x/whiscash.jpg
Gabite,Dragon,Ground,4.0,68,90,65,50,55,82,410,1.4,56.0,https://img.pokemondb.net/sprites/home/normal/2x/gabite.jpg
Golisopod,Bug,Water,7.0,75,125,140,60,90,40,530,2.0,108.0,https://img.pokemondb.net/sprites/home/normal/2x/golisopod.jpg
Tyranitar,Rock,Dark,2.0,100,134,110,95,100,61,600,2.0,202.0,https://img.pokemondb.net/sprites/home/normal/2x/tyranitar.jpg
Pawmo,Electric,Fighting,9.0,60,75,40,50,40,85,350,0.4,6.5,https://img.pokemondb.net/sprites/scarlet-violet/normal/pawmo.png
Zygarde,Dragon,Ground,6.0,108,100,121,81,95,95,600,5.0,305.0,https://img.pokemondb.net/sprites/home/normal/2x/zygarde.jpg
Indeedee,Psychic,Normal,8.0,60,65,55,105,95,95,475,0.9,28.0,https://img.pokemondb.net/sprites/home/normal/2x/indeedee.jpg
Volcanion,Fire,Water,6.0,80,110,120,130,90,70,600,1.7,195.0,https://img.pokemondb.net/sprites/home/normal/2x/volcanion.jpg
Azumarill,Water,Fairy,2.0,100,50,80,60,80,50,420,0.8,28.5,https://img.pokemondb.net/sprites/home/normal/2x/azumarill.jpg
Azurill,Normal,Fairy,3.0,50,20,40,20,40,20,190,0.2,2.0,https://img.pokemondb.net/sprites/home/normal/2x/azurill.jpg
Sunflora,Grass,,2.0,75,75,55,105,85,30,425,0.8,8.5,https://img.pokemondb.net/sprites/home/normal/2x/sunflora.jpg
Vileplume,Grass,Poison,1.0,75,80,85,110,90,50,490,1.2,18.6,https://img.pokemondb.net/sprites/home/normal/2x/vileplume.jpg
Clefable,Fairy,,1.0,95,70,73,95,90,60,483,1.3,40.0,https://img.pokemondb.net/sprites/home/normal/2x/clefable.jpg
Whismur,Normal,,3.0,64,51,23,51,23,28,240,0.6,16.3,https://img.pokemondb.net/sprites/home/normal/2x/whismur.jpg
Wingull,Water,Flying,3.0,40,30,30,55,30,85,270,0.6,9.5,https://img.pokemondb.net/sprites/home/normal/2x/wingull.jpg
Cryogonal,Ice,,5.0,80,50,50,95,135,105,515,1.1,148.0,https://img.pokemondb.net/sprites/home/normal/2x/cryogonal.jpg
Passimian,Fighting,,7.0,100,120,90,40,60,80,490,2.0,82.8,https://img.pokemondb.net/sprites/home/normal/2x/passimian.jpg
Dodrio,Normal,Flying,1.0,60,110,70,60,60,110,470,1.8,85.2,https://img.pokemondb.net/sprites/home/normal/2x/dodrio.jpg
Armaldo,Rock,Bug,3.0,75,125,100,70,80,45,495,1.5,68.2,https://img.pokemondb.net/sprites/home/normal/2x/armaldo.jpg
Grimer,Poison,,1.0,80,80,50,40,50,25,325,0.9,30.0,https://img.pokemondb.net/sprites/home/normal/2x/grimer.jpg
Aron,Steel,Rock,3.0,50,70,100,40,40,30,330,0.4,60.0,https://img.pokemondb.net/sprites/home/normal/2x/aron.jpg
Jolteon,Electric,,1.0,65,65,60,110,95,130,525,0.8,24.5,https://img.pokemondb.net/sprites/home/normal/2x/jolteon.jpg
Dottler,Bug,Psychic,8.0,50,35,80,50,90,30,335,0.4,19.5,https://img.pokemondb.net/sprites/home/normal/2x/dottler.jpg
Obstagoon,Dark,Normal,8.0,93,90,101,60,81,95,520,1.6,46.0,https://img.pokemondb.net/sprites/home/normal/2x/obstagoon.jpg
Stantler,Normal,,2.0,73,95,62,85,65,85,465,1.4,71.2,https://img.pokemondb.net/sprites/home/normal/2x/stantler.jpg
Decidueye,Grass,Ghost,7.0,78,107,75,100,100,70,530,1.6,36.6,https://img.pokemondb.net/sprites/home/normal/2x/decidueye.jpg
Forretress,Bug,Steel,2.0,75,90,140,60,60,40,465,1.2,125.8,https://img.pokemondb.net/sprites/home/normal/2x/forretress.jpg
Ponyta,Fire,,1.0,50,85,55,65,65,90,410,1.0,30.0,https://img.pokemondb.net/sprites/home/normal/2x/ponyta.jpg
Gallade,Psychic,Fighting,4.0,68,125,65,65,115,80,518,1.6,52.0,https://img.pokemondb.net/sprites/home/normal/2x/gallade.jpg
Sizzlipede,Fire,Bug,8.0,50,65,45,50,50,45,305,0.7,1.0,https://img.pokemondb.net/sprites/home/normal/2x/sizzlipede.jpg
Surskit,Bug,Water,3.0,40,30,32,50,52,65,269,0.5,1.7,https://img.pokemondb.net/sprites/home/normal/2x/surskit.jpg
Alakazam,Psychic,,1.0,55,50,45,135,95,120,500,1.5,48.0,https://img.pokemondb.net/sprites/home/normal/2x/alakazam.jpg
Ceruledge,Fire,Ghost,9.0,75,125,80,60,100,85,525,1.6,62.0,https://img.pokemondb.net/sprites/scarlet-violet/normal/ceruledge.png
Luxio,Electric,,4.0,60,85,49,60,49,60,363,0.9,30.5,https://img.pokemondb.net/sprites/home/normal/2x/luxio.jpg
Honedge,Steel,Ghost,6.0,45,80,100,35,37,28,325,0.8,2.0,https://img.pokemondb.net/sprites/home/normal/2x/honedge.jpg
Frillish,Water,Ghost,5.0,55,40,50,65,85,40,335,1.2,33.0,https://img.pokemondb.net/sprites/home/normal/2x/frillish.jpg
Castform,Normal,,3.0,70,70,70,70,70,70,420,0.3,0.8,https://img.pokemondb.net/sprites/home/normal/2x/castform.jpg
Shiftry,Grass,Dark,3.0,90,100,60,90,60,80,480,1.3,59.6,https://img.pokemondb.net/sprites/home/normal/2x/shiftry.jpg
Nidoqueen,Poison,Ground,1.0,90,92,87,75,85,76,505,1.3,60.0,https://img.pokemondb.net/sprites/home/normal/2x/nidoqueen.jpg
Krabby,Water,,1.0,30,105,90,25,25,50,325,0.4,6.5,https://img.pokemondb.net/sprites/home/normal/2x/krabby.jpg
Fezandipiti,Poison,Fairy,9.0,88,91,82,70,125,99,555,1.4,30.1,https://img.pokemondb.net/sprites/scarlet-violet/normal/fezandipiti.png
Probopass,Rock,Steel,4.0,60,55,145,75,150,40,525,1.4,340.0,https://img.pokemondb.net/sprites/home/normal/2x/probopass.jpg
Giratina,Ghost,Dragon,4.0,150,100,120,100,120,90,680,4.5,750.0,https://img.pokemondb.net/sprites/home/normal/2x/giratina.jpg
Braviary,Normal,Flying,5.0,100,123,75,57,75,80,510,1.5,41.0,https://img.pokemondb.net/sprites/home/normal/2x/braviary.jpg
Tangela,Grass,,1.0,65,55,115,100,40,60,435,1.0,35.0,https://img.pokemondb.net/sprites/home/normal/2x/tangela.jpg
Gligar,Ground,Flying,2.0,65,75,105,35,65,85,430,1.1,64.8,https://img.pokemondb.net/sprites/home/normal/2x/gligar.jpg
Oddish,Grass,Poison,1.0,45,50,55,75,65,30,320,0.5,5.4,https://img.pokemondb.net/sprites/home/normal/2x/oddish.jpg
Rattata,Normal,,1.0,30,56,35,25,35,72,253,0.3,3.5,https://img.pokemondb.net/sprites/home/normal/2x/rattata.jpg
Scovillain,Grass,Fire,9.0,65,108,65,108,65,75,486,0.9,15.0,https://img.pokemondb.net/sprites/scarlet-violet/normal/scovillain.png
Litwick,Ghost,Fire,5.0,50,30,55,65,55,20,275,0.3,3.1,https://img.pokemondb.net/sprites/home/normal/2x/litwick.jpg
Woobat,Psychic,Flying,5.0,65,45,43,55,43,72,323,0.4,2.1,https://img.pokemondb.net/sprites/home/normal/2x/woobat.jpg
Duraludon,Steel,Dragon,8.0,70,95,115,120,50,85,535,1.8,40.0,https://img.pokemondb.net/sprites/home/normal/2x/duraludon.jpg
Porygon-Z,Normal,,4.0,85,80,70,135,75,90,535,0.9,34.0,https://img.pokemondb.net/sprites/home/normal/2x/porygon-z.jpg
Sigilyph,Psychic,Flying,5.0,72,58,80,103,80,97,490,1.4,14.0,https://img.pokemondb.net/sprites/home/normal/2x/sigilyph.jpg
Larvitar,Rock,Ground,2.0,50,64,50,45,50,41,300,0.6,72.0,https://img.pokemondb.net/sprites/home/normal/2x/larvitar.jpg
Great Tusk,Ground,Fighting,9.0,115,131,131,53,53,87,570,2.2,320.0,https://img.pokemondb.net/sprites/scarlet-violet/normal/great-tusk.png
Corsola,Water,Rock,2.0,65,55,95,65,95,35,410,0.6,5.0,https://img.pokemondb.net/sprites/home/normal/2x/corsola.jpg
Durant,Bug,Steel,5.0,58,109,112,48,48,109,484,0.3,33.0,https://img.pokemondb.net/sprites/home/normal/2x/durant.jpg
Eevee,Normal,,1.0,55,55,50,45,65,55,325,0.3,6.5,https://img.pokemondb.net/sprites/home/normal/2x/eevee.jpg
Chinchou,Water,Electric,2.0,75,38,38,56,56,67,330,0.5,12.0,https://img.pokemondb.net/sprites/home/normal/2x/chinchou.jpg
Entei,Fire,,2.0,115,115,85,90,75,100,580,2.1,198.0,https://img.pokemondb.net/sprites/home/normal/2x/entei.jpg
Baxcalibur,Dragon,Ice,9.0,115,145,92,75,86,87,600,2.1,210.0,https://img.pokemondb.net/sprites/scarlet-violet/normal/baxcalibur.png
Dracozolt,Electric,Dragon,8.0,90,100,90,80,70,75,505,1.8,190.0,https://img.pokemondb.net/sprites/home/normal/2x/dracozolt.jpg
Kyurem,Dragon,Ice,5.0,125,130,90,130,90,95,660,3.0,325.0,https://img.pokemondb.net/sprites/home/normal/2x/kyurem.jpg
Charmander,Fire,,1.0,39,52,43,60,50,65,309,0.6,8.5,https://img.pokemondb.net/sprites/home/normal/2x/charmander.jpg
Zoroark,Dark,,5.0,60,105,60,120,60,105,510,1.6,81.1,https://img.pokemondb.net/sprites/home/normal/2x/zoroark.jpg
Walrein,Ice,Water,3.0,110,80,90,95,90,65,530,1.4,150.6,https://img.pokemondb.net/sprites/home/normal/2x/walrein.jpg
Roggenrola,Rock,,5.0,55,75,85,25,25,15,280,0.4,18.0,https://img.pokemondb.net/sprites/home/normal/2x/roggenrola.jpg
Tarountula,Bug,,9.0,35,41,45,29,40,20,210,0.3,4.0,https://img.pokemondb.net/sprites/scarlet-violet/normal/tarountula.png
Raboot,Fire,,8.0,65,86,60,55,60,94,420,0.6,9.0,https://img.pokemondb.net/sprites/home/normal/2x/raboot.jpg
Mew,Psychic,,1.0,100,100,100,100,100,100,600,0.4,4.0,https://img.pokemondb.net/sprites/home/normal/2x/mew.jpg
Minun,Electric,,3.0,60,40,50,75,85,95,405,0.4,4.2,https://img.pokemondb.net/sprites/home/normal/2x/minun.jpg
Wynaut,Psychic,,3.0,95,23,48,23,48,23,260,0.6,14.0,https://img.pokemondb.net/sprites/home/normal/2x/wynaut.jpg
Emolga,Electric,Flying,5.0,55,75,60,75,60,103,428,0.4,5.0,https://img.pokemondb.net/sprites/home/normal/2x/emolga.jpg
Quaquaval,Water,Fighting,9.0,85,120,80,85,75,85,530,1.8,61.9,https://img.pokemondb.net/sprites/scarlet-violet/normal/quaquaval.png
Thievul,Dark,,8.0,70,58,58,87,92,90,455,1.2,19.9,https://img.pokemondb.net/sprites/home/normal/2x/thievul.jpg
Crocalor,Fire,,9.0,81,55,78,90,58,49,411,1.0,30.7,https://img.pokemondb.net/sprites/scarlet-violet/normal/crocalor.png
Gimmighoul,Ghost,,9.0,45,30,70,75,70,10,300,0.3,5.0,https://img.pokemondb.net/sprites/scarlet-violet/normal/gimmighoul.png
Burmy,Bug,,4.0,40,29,45,29,45,36,224,0.2,3.4,https://img.pokemondb.net/sprites/home/normal/2x/burmy.jpg
Phione,Water,,4.0,80,80,80,80,80,80,480,0.4,3.1,https://img.pokemondb.net/sprites/home/normal/2x/phione.jpg
Wooloo,Normal,,8.0,42,40,55,40,45,48,270,0.6,6.0,https://img.pokemondb.net/sprites/home/normal/2x/wooloo.jpg
Staryu,Water,,1.0,30,45,55,70,55,85,340,0.8,34.5,https://img.pokemondb.net/sprites/home/normal/2x/staryu.jpg
Hariyama,Fighting,,3.0,144,120,60,40,60,50,474,2.3,253.8,https://img.pokemondb.net/sprites/home/normal/2x/hariyama.jpg
Spewpa,Bug,,6.0,45,22,60,27,30,29,213,0.3,8.4,https://img.pokemondb.net/sprites/home/normal/2x/spewpa.jpg
Salazzle,Poison,Fire,7.0,68,64,60,111,60,117,480,1.2,22.2,https://img.pokemondb.net/sprites/home/normal/2x/salazzle.jpg
Mimikyu,Ghost,Fairy,7.0,55,90,80,50,105,96,476,0.2,0.7,https://img.pokemondb.net/sprites/home/normal/2x/mimikyu.jpg
Seviper,Poison,,3.0,73,100,60,100,60,65,458,2.7,52.5,https://img.pokemondb.net/sprites/home/normal/2x/seviper.jpg
Rhydon,Ground,Rock,1.0,105,130,120,45,45,40,485,1.9,120.0,https://img.pokemondb.net/sprites/home/normal/2x/rhydon.jpg
Orthworm,Steel,,9.0,70,85,145,60,55,65,480,2.5,310.0,https://img.pokemondb.net/sprites/scarlet-violet/normal/orthworm.png
Ninjask,Bug,Flying,3.0,61,90,45,50,50,160,456,0.8,12.0,https://img.pokemondb.net/sprites/home/normal/2x/ninjask.jpg
Caterpie,Bug,,1.0,45,30,35,20,20,45,195,0.3,2.9,https://img.pokemondb.net/sprites/home/normal/2x/caterpie.jpg
Brute Bonnet,Grass,Dark,9.0,111,127,99,79,99,55,570,1.2,21.0,https://img.pokemondb.net/sprites/scarlet-violet/normal/brute-bonnet.png
Croconaw,Water,,2.0,65,80,80,59,63,58,405,1.1,25.0,https://img.pokemondb.net/sprites/home/normal/2x/croconaw.jpg
Palafin,Water,,9.0,100,70,72,53,62,100,457,1.3,60.2,https://img.pokemondb.net/sprites/scarlet-violet/normal/palafin.png
Seismitoad,Water,Ground,5.0,105,95,75,85,75,74,509,1.5,62.0,https://img.pokemondb.net/sprites/home/normal/2x/seismitoad.jpg
Stunfisk,Ground,Electric,5.0,109,66,84,81,99,32,471,0.7,11.0,https://img.pokemondb.net/sprites/home/normal/2x/stunfisk.jpg
Glaceon,Ice,,4.0,65,60,110,130,95,65,525,0.8,25.9,https://img.pokemondb.net/sprites/home/normal/2x/glaceon.jpg
Slugma,Fire,,2.0,40,40,40,70,40,20,250,0.7,35.0,https://img.pokemondb.net/sprites/home/normal/2x/slugma.jpg
Impidimp,Dark,Fairy,8.0,45,45,30,55,40,50,265,0.4,5.5,https://img.pokemondb.net/sprites/home/normal/2x/impidimp.jpg
Beedrill,Bug,Poison,1.0,65,90,40,45,80,75,395,1.0,29.5,https://img.pokemondb.net/sprites/home/normal/2x/beedrill.jpg
Glameow,Normal,,4.0,49,55,42,42,37,85,310,0.5,3.9,https://img.pokemondb.net/sprites/home/normal/2x/glameow.jpg
Chingling,Psychic,,4.0,45,30,50,65,50,45,285,0.2,0.6,https://img.pokemondb.net/sprites/home/normal/2x/chingling.jpg
Buzzwole,Bug,Fighting,7.0,107,139,139,53,53,79,570,2.4,333.6,https://img.pokemondb.net/sprites/home/normal/2x/buzzwole.jpg
Wailmer,Water,,3.0,130,70,35,70,35,60,400,2.0,130.0,https://img.pokemondb.net/sprites/home/normal/2x/wailmer.jpg
Venusaur,Grass,Poison,1.0,80,82,83,100,100,80,525,2.0,100.0,https://img.pokemondb.net/sprites/home/normal/2x/venusaur.jpg
Oshawott,Water,,5.0,55,55,45,63,45,45,308,0.5,5.9,https://img.pokemondb.net/sprites/home/normal/2x/oshawott.jpg
Corviknight,Flying,Steel,8.0,98,87,105,53,85,67,495,2.2,75.0,https://img.pokemondb.net/sprites/home/normal/2x/corviknight.jpg
Lombre,Water,Grass,3.0,60,50,50,60,70,50,340,1.2,32.5,https://img.pokemondb.net/sprites/home/normal/2x/lombre.jpg
Kleavor,Bug,Rock,8.0,70,135,95,45,70,85,500,1.8,89.0,https://img.pokemondb.net/sprites/home/normal/2x/kleavor.jpg
Bombirdier,Flying,Dark,9.0,70,103,85,60,85,82,485,1.5,42.9,https://img.pokemondb.net/sprites/scarlet-violet/normal/bombirdier.png
Volbeat,Bug,,3.0,65,73,75,47,85,85,430,0.7,17.7,https://img.pokemondb.net/sprites/home/normal/2x/volbeat.jpg
